Metal_ID,QUBR_ID,N,W,Elevation (m),Stick,DBH1,DBH2,DBH3,DBH4,DBH5,DBH6,Canopy1,Canopy2,Tree_pic,Env_pic,Recorder,Date,Comments,Page,Locality,Transcriber,Checked?,Daniel_tag
41,LM_035,24 00.0800,110 09.9342,512,172,60,,,,,,10.5,10.8,Y,Y,KA,9/5/23,,1A,LM,AMH,Y,
42,LM_036,24 00.0883,110 09.9024,510,172,50,,,,,,10.55,5.6,Y,Y,KA,9/5/23,,1A,LM,AMH,Y,
43,LM_037,24 00.0871,110 09.9001,513,172,40.5,,,,,,2.65,9.22,Y,Y,KA,9/5/23,,1A,LM,AMH,Y,
44,LM_038,24 00.0864,110 09.8970,513,172,53.4,,,,,,7.95,13.5,Y,Y,KA,9/5/23,,1A,LM,AMH,Y,
45,LM_039,24 00.0847,110 09.8968,511,172,43.5,28.7,41.1,,,,13.1,10.6,Y,Y,KA,9/5/23,3 trunks at breast height so 3 DBH's,1A,LM,AMH,Y,
46,LM_040,24 00.0856,110 09.8868,515,172,47.2,,,,,,11.35,13.15,Y,Y,KA,9/5/23,,1A,LM,AMH,Y,
47,LM_049,24 00.0860,110 09.8616,511,172,28.7,,,,,,9.5,9.35,Y,Y,KA,9/5/23,,1A,LM,AMH,Y,
48,LM_047,24 00.0867,110 09.8327,514,172,37,42.5,,,,,10,11.25,Y,Y,KA,9/5/23,2 trunks at breast height so 2 DBH's,1A,LM,AMH,Y,
33,LM_053,24 00.0479,110 09.9690,514,172,41.8,,,,,,8.9,3,Y,Y,KA,9/5/23,,1B,LM,AMH,Y,
34,LM_052,24 00.0488,110 09.9700,514,172,39.9,,,,,,5.85,9.55,Y,Y,KA,9/5/23,,1B,LM,AMH,Y,
35,LM_051,24 00.0524,110 09.9695,513,172,30,,,,,,4.85,5.3,Y,Y,KA,9/5/23,,1B,LM,AMH,Y,
36,LM_050,24 00.0559,110 09.9662,511,172,35.6,,,,,,7.9,3,Y,Y,KA,9/5/23,,1B,LM,AMH,Y,
37,LM_031,24 00.0591,110 09.9593,512,172,47.2,47,,,,,15.3,7.7,Y,Y,KA,9/5/23,2 trunks at breast height so 2 DBH's,1B,LM,AMH,Y,
38,LM_032,24 00.0790,110 09.9393,515,172,41.6,,,,,,5.25,6.65,Y,Y,KA,9/5/23,Tons of developing acorns,1B,LM,AMH,Y,
39,LM_033,24 00.0783,110 09.9349,513,172,55.8,,,,,,12.95,9.65,Y,Y,KA,9/5/23,,1B,LM,AMH,Y,
40,LM_034,24 00.0802,110 09.9350,511,172,93.5,,,,,,9.36,4,Y,Y,KA,9/5/23,,1B,LM,AMH,Y,
25,LM_138,23 59.9929,110 10.0033,507,172,29.2,,,,,,10.05,9.2,Y,Y,KA,9/5/23,,2A,LM,AMH,Y,
26,LM_139,23 59.9919,110 10.0001,504,172,26.7,30.4,,,,,9.1,8.2,Y,Y,KA,9/5/23,2 trunks at breast height so 2 DBH's,2A,LM,AMH,Y,
27,LM_140,23 59.9962,110 09.9911,507,172,41.8,,,,,,6.7,5,Y,Y,KA,9/5/23,,2A,LM,AMH,Y,
28,LM_150,24 00.0038,110 09.9671,507,172,40.1,48.5,,,,,7.01,14.4,Y,Y,KA,9/5/23,More trees next to this tree that we did not sample; 2 trunks at breast height so 2 DBH's,2A,LM,AMH,Y,
29,LM_027,24 00.0289,110 09.9680,506,172,42.8,72,,,,,13.3,16.8,Y,Y,KA,9/5/23,2 trunks at breast height so 2 DBH's,2A,LM,AMH,Y,
30,LM_028,24 00.0377,110 09.9749,509,172,44.5,,,,,,9.2,6.1,Y,Y,KA,9/5/23,,2A,LM,AMH,Y,
31,LM_029,24 00.0397,110 09.9739,508,172,37.1,,,,,,8.9,4,Y,Y,KA,9/5/23,,2A,LM,AMH,Y,
32,LM_030,24 00.0388,110 09.9736,509,172,39.5,,,,,,8.3,8.95,Y,Y,KA,9/5/23,,2A,LM,AMH,Y,
17,LM_147,23 59.9753,110 10.1583,498,172,26,,,,,,7,5.9,Y,Y,KA,9/5/23,,2B,LM,AMH,Y,
18,LM_145,23 59.9721,110 10.1585,505,172,38.2,,,,,,9.3,6.2,Y,Y,KA,9/5/23,,2B,LM,AMH,Y,
19,LM_146,23 59.9748,110 10.1544,?,172,43,,,,,,9.65,3,Y,Y,KA,9/5/23,,2B,LM,AMH,Y,
20,LM_144,23 59.9822,110 10.1058,505,172,39.7,,,,,,10.9,6.9,Y,Y,KA,9/5/23,,2B,LM,AMH,Y,
21,LM_143,23 59.9883,110 10.0530,504,172,41.5,,,,,,12.75,10.9,Y,Y,KA,9/5/23,,2B,LM,AMH,Y,
22,LM_142,23 59.9907,110 10.0411,503,172,78,,,,,,16.55,14.3,Y,Y,KA,9/5/23,,2B,LM,AMH,Y,
23,LM_141,23 59.9910,110 10.0429,503,172,33.5,,,,,,7.3,7.1,Y,Y,KA,9/5/23,,2B,LM,AMH,Y,
24,LM_137,23 59.9910,110 10.0287,506,172,40,,,,,,11.15,8.9,Y,Y,KA,9/5/23,,2B,LM,AMH,Y,
233,LM_108,24 00.1667,110 09.5074,1744,172,37.3,,,,,,6.6,9.5,Y,Y,KA,9/5/23,,3A,LM,AMH,Y,
234,LM_109,24 00.1675,110 09.5089,1740,172,32.8,,,,,,6.4,9.2,Y,Y,KA,9/5/23,,3A,LM,AMH,Y,
235,LM_110,24 00.1641,110 09.5106,1737,172,31.4,,,,,,6.6,7.4,Y,Y,KA,9/5/23,,3A,LM,AMH,Y,
236,LM_111,24 00.1629,110 09.5088,1737,172,25.1,26,,,,,5.1,7.4,Y,Y,KA,9/5/23,2 trunks at breast height so 2 DBH's,3A,LM,AMH,Y,
237,LM_112,24 00.1606,110 09.5060,1734,172,39.6,,,,,,9.7,6.4,Y,Y,KA,9/5/23,,3A,LM,AMH,Y,
238,LM_113,24 00.1479,110 09.5160,1735,172,45.5,33.9,,,,,10.8,8.7,Y,Y,KA,9/5/23,2 trunks at breast height so 2 DBH's,3A,LM,AMH,Y,
239,LM_114,24 00.1515,110 09.5186,1733,172,70,,,,,,12.5,13.9,Y,Y,KA,9/5/23,,3A,LM,AMH,Y,
240,LM_115,24 00.1490,110 09.5194,1742,172,52.8,,,,,,12,11.9,Y,Y,KA,9/5/23,,3A,LM,AMH,Y,
241,LM_116,24 00.1499,110 09.5229,1733,172,49.3,,,,,,9.6,11.9,Y,Y,KA,9/5/23,,3B,LM,AMH,Y,
242,LM_117,24 00.1476,110 09.5153,1729,172,49.6,,,,,,15.2,12.8,Y,Y,KA,9/5/23,,3B,LM,AMH,Y,
243,LM_118,24 00.1440,110 09.5171,1738,172,58,35.5,,,,,14.1,20.6,Y,Y,KA,9/5/23,2 trunks at breast height so 2 DBH's. Biggin!,3B,LM,AMH,Y,
244,LM_119,24 00.1406,110 09.5186,1739,172,40.6,,,,,,12.9,8.1,Y,Y,KA,9/5/23,,3B,LM,AMH,Y,
245,LM_120,24 00.1432,110 09.5222,1739,172,58,37.7,,,,,19.6,18.9,Y,Y,KA,9/5/23,2 trunks at breast height so 2 DBH's,3B,LM,AMH,Y,
246,LM_121,24 00.1433,110 09.5248,1737,172,26,,,,,,4.5,1,Y,Y,KA,9/5/23,,3B,LM,AMH,Y,
247,LM_122,24 00.1414,110 09.5266,1727,172,48.8,35,,,,,12.85,6.5,Y,Y,KA,9/5/23,2 trunks at breast height so 2 DBH's,3B,LM,AMH,Y,
1,LM_123,24 00.1392,110 09.5312,1732,172,78.4,,,,,,12.2,7.5,Y,Y,KA,9/5/23,,3B,LM,AMH,Y,
2,LM_124,24 00.1406,110 09.5300,1735,172,39,,,,,,11.4,7.3,Y,Y,KA,9/5/23,,4A,LM,AMH,Y,
3,LM_125,24 00.1349,110 09.5323,1732,172,95,,,,,,21,10.9,Y,Y,KA,9/5/23,,4A,LM,AMH,Y,
4,LM_126,24 00.1421,110 09.5478,1729,172,57.3,,,,,,3.9,9.65,Y,Y,KA,9/5/23,,4A,LM,AMH,Y,
5,LM_127,24 00.1440,110 09.5510,1723,172,46.4,44.3,,,,,13.6,8.6,Y,Y,KA,9/5/23,2 trunks at breast height so 2 DBH's,4A,LM,AMH,Y,
6,LM_128,24 00.1479,110 09.5500,1725,172,41.5,,,,,,4.15,7.28,Y,Y,KA,9/5/23,,4A,LM,AMH,Y,
7,LM_129,24 00.1479,110 09.5485,1723,172,48,,,,,,NA,NA,Y,Y,KA,9/5/23,Daniel tag: 64,4A,LM,AMH,Y,64
8,LM_130,24 00.1469,110 09.5469,1731,172,43.7,,,,,,8.65,11.95,Y,Y,KA,9/5/23,,4A,LM,AMH,Y,
9,LM_131,24 00.1495,110 09.5450,1740,172,51.8,,,,,,8.2,7.85,Y,Y,KA,9/5/23,,4A,LM,AMH,Y,
10,LM_132,24 00.1505,110 09.5971,1729,172,67.3,,,,,,12.05,10.1,Y,Y,KA,9/5/23,,4B,LM,AMH,Y,
11,LM_133,24 00.1586,110 09.5404,1725,172,62.8,,,,,,9.95,12.5,Y,Y,KA,9/5/23,,4B,LM,AMH,Y,
12,LM_134,24 00.1617,110 09.5384,1725,172,63.5,,,,,,9.25,8.05,Y,Y,KA,9/5/23,,4B,LM,AMH,Y,
260,LM_014,24 00.1472,110 09.6088,1719,172,58.4,,,,,,11.25,13.95,Y,Y,KA,9/5/23,,4B,LM,AMH,Y,
13,LM_135,24 00.1264,110 09.6415,1709,172,71.8,,,,,,15.05,15.3,Y,Y,KA,9/5/23,,4B,LM,AMH,Y,
14,LM_136,24 00.1295,110 09.6444,1705,172,19.5,15.4,,,,,3.9,6.1,Y,Y,KA,9/5/23,2 trunks at breast height so 2 DBH's,4B,LM,AMH,Y,
15,LM_149,23 59.9908,110 10.1784,503,172,53.8,,,,,,10.8,7.5,Y,Y,KA,9/5/23,,4B,LM,AMH,Y,
16,LM_148,23 59.9769,110 10.1677,495,172,39.8,,,,,,10.4,7.8,Y,Y,KA,9/5/23,,4B,LM,AMH,Y,
201,LM_076,24 00.1826,110 09.4838,1755,172,71,,,,,,14.8,12.9,Y,Y,KA,9/5/23,,5A,LM,AMH,Y,
202,LM_077,24 00.1793,110 09.4853,1739,172,69.5,52.5,,,,,5.35,3.52,Y,Y,KA,9/5/23,,5A,LM,AMH,Y,
203,LM_078,24 00.1837,110 09.4870,1735,172,45.3,,,,,,5.4,7.3,Y,Y,KA,9/5/23,,5A,LM,AMH,Y,
204,LM_079,24 00.1829,110 09.4874,1727,172,42.6,,,,,,7.8,5.7,Y,Y,KA,9/5/23,,5A,LM,AMH,Y,
205,LM_080,24 00.1821,110 09.4868,1735,172,46.3,,,,,,6.9,7.2,Y,Y,KA,9/5/23,,5A,LM,AMH,Y,
206,LM_081,24 00.1815,110 09.4908,1743,172,46.4,,,,,,8,8.6,Y,Y,KA,9/5/23,,5A,LM,AMH,Y,
207,LM_082,24 00.1802,110 09.4904,1742,172,49.5,,,,,,9.4,7.3,Y,Y,KA,9/5/23,,5A,LM,AMH,Y,
208,LM_083,24 00.1789,110 09.4928,1745,172,43,,,,,,8.6,7.9,Y,Y,KA,9/5/23,,5A,LM,AMH,Y,
209,LM_084,24 00.1784,110 09.4899,1736,172,35.5,,,,,,5,6.8,Y,Y,KA,9/5/23,,5B,LM,AMH,Y,
210,LM_085,24 00.1733,110 09.4909,1739,172,NA,,,,,,NA,NA,Y,Y,KA,9/5/23,Daniel tag: 81,5B,LM,AMH,Y,81
211,LM_086,24 00.1735,110 09.4936,1743,172,61.5,,,,,,12.8,12.6,Y,Y,KA,9/5/23,,5B,LM,AMH,Y,
212,LM_087,24 00.1691,110 09.4966,1737,172,50.6,,,,,,10.3,11.3,Y,Y,KA,9/5/23,So many root sprouts/saplings!,5B,LM,AMH,Y,
213,LM_088,24 00.1670,110 09.4924,1737,172,33.6,,,,,,7,8.3,Y,Y,KA,9/5/23,,5B,LM,AMH,Y,
214,LM_089,24 00.1725,110 09.4984,1742,172,40.1,,,,,,8.3,8.1,Y,Y,KA,9/5/23,,5B,LM,AMH,Y,
215,LM_090,24 00.1730,110 09.5007,1741,172,38.6,,,,,,6.9,6,Y,Y,KA,9/5/23,WASP,5B,LM,AMH,Y,
216,LM_091,24 00.1769,110 09.5007,1735,172,98.5,,,,,,13.5,10,Y,Y,KA,9/5/23,,5B,LM,AMH,Y,
217,LM_092,24 00.1756,110 09.5030,1739,172,76.6,,,,,,5.8,14.2,Y,Y,KA,9/5/23,,6A,LM,AMH,Y,
218,LM_093,24 00.1727,110 09.5040,1738,172,53.5,,,,,,11.6,10.5,Y,Y,KA,9/5/23,,6A,LM,AMH,Y,
219,LM_094,24 00.1703,110 09.5032,1735,172,41.5,,,,,,8.2,10.2,Y,Y,KA,9/5/23,,6A,LM,AMH,Y,
220,LM_095,24 00.1693,110 09.5013,1736,172,37.8,,,,,,9.3,7.4,Y,Y,KA,9/5/23,,6A,LM,AMH,Y,
221,LM_096,24 00.1706,110 09.5003,1740,172,42.3,,,,,,9.2,8.4,Y,Y,KA,9/5/23,,6A,LM,AMH,Y,
222,LM_097,24 00.1649,110 09.5004,1740,172,29,,,,,,6.3,5.5,Y,Y,KA,9/5/23,,6A,LM,AMH,Y,
223,LM_098,24 00.1657,110 09.5019,1740,172,33.3,,,,,,8.3,9.4,Y,Y,KA,9/5/23,,6A,LM,AMH,Y,
224,LM_099,24 00.1614,110 09.5000,1740,172,33.7,,,,,,6,8.2,Y,Y,KA,9/5/23,,6A,LM,AMH,Y,
225,LM_100,24 00.1614,110 09.5000,1740,172,26.4,,,,,,3.3,2.9,Y,Y,KA,9/5/23,"off trail, in scrub",6B,LM,AMH,Y,
226,LM_101,24 00.1557,110 09.5056,1737,172,62.7,71.4,,,,,18.9,16.8,Y,Y,KA,9/5/23,2 trunks at breast height so 2 DBH's,6B,LM,AMH,Y,
227,LM_102,24 00.1563,110 09.5069,1742,172,32.8,,,,,,7.6,8.3,Y,Y,KA,9/5/23,,6B,LM,AMH,Y,
228,LM_103,24 00.1590,110 09.5092,1734,172,32.7,,,,,,8.2,5.5,Y,Y,KA,9/5/23,,6B,LM,AMH,Y,
229,LM_104,24 00.1586,110 09.5081,1740,172,48.1,,,,,,6.9,10,Y,Y,KA,9/5/23,,6B,LM,AMH,Y,
230,LM_105,24 00.1590,110 09.5126,1737,172,38.3,,,,,,7,7.2,Y,Y,KA,9/5/23,,6B,LM,AMH,Y,
231,LM_106,24 00.1622,110 09.5110,1740,172,NA,,,,,,NA,NA,Y,Y,KA,9/5/23,Daniel tag: 67,6B,LM,AMH,Y,67
232,LM_107,24 00.1623,110 09.5124,1738,172,33.9,25,,,,,8.9,8.3,Y,Y,KA,9/5/23,2 trunks at breast height so 2 DBH's,6B,LM,AMH,Y,
49,LM_048,24 00.1048,110 09.8010,518,172,92,,,,,,10.9,10.43,Y,Y,KA,9/5/23,,11A,LM,AMH,Y,
50,LM_046,24 00.1238,110 09.7735,518,172,64.4,,,,,,4.3,3,Y,Y,KA,9/5/23,,11A,LM,AMH,Y,
51,LM_045,24 00.1238,110 09.7735,518,172,37,,,,,,9.1,4,Y,Y,KA,9/5/23,,11A,LM,AMH,Y,
253,LM_001,24.0033,110.15851,532,181,37.2,36.3,,,,,9.84,6.4,Y,Y,CK,9/5/23,2 trunks at breast height so 2 DBH's,7A,LM,AMH,Y,
248,LM_002,24.00329,110.15853,532,181,34.5,34.8,,,,,8.33,7.75,Y,Y,CK,9/5/23,2 trunks at breast height so 2 DBH's,7A,LM,AMH,Y,
252,LM_003,24.00323,110.15858,530,181,42,31.1,,,,,13.19,12.39,Y,Y,CK,9/5/23,2 trunks at breast height so 2 DBH's,7A,LM,AMH,Y,
249,LM_004,24.00327,110.15868,531,181,65.1,,,,,,13.84,17.4,Y,Y,CK,9/5/23,,7A,LM,AMH,Y,
266,LM_005,24.00327,110.15867,532,181,54.8,,,,,,10.53,8.7,Y,Y,CK,9/5/23,,7A,LM,AMH,Y,
261,LM_006,24.00284,110.15884,531,181,42.3,44.8,,,,,16.65,9.24,Y,Y,CK,9/5/23,,7A,LM,AMH,Y,
251,LM_007,24.00281,110.15886,531,181,60.5,,,,,,19.24,8.62,Y,Y,CK,9/5/23,,7A,LM,AMH,Y,
265,LM_008,24.00281,110.1589,531,181,60.9,,,,,,15.5,9.9,Y,Y,CK,9/5/23,,7A,LM,AMH,Y,
264,LM_009,24.00278,110.15894,531,181,50.4,53.9,,,,,10.77,12.39,Y,Y,CK,9/5/23,2 trunks at breast height so 2 DBH's,7B,LM,AMH,Y,
250,LM_010,24.00278,110.15889,532,181,47.7,,,,,,7.87,8.25,Y,Y,CK,9/5/23,,7B,LM,AMH,Y,
254,LM_011,24.00271,110.15894,533,181,44.2,46.4,,,,,11.44,10.79,Y,Y,CK,9/5/23,2 trunks at breast height so 2 DBH's,7B,LM,AMH,Y,
255,LM_012,24.00265,110.15898,531,181,69.6,,,,,,10.69,7.22,Y,Y,CK,9/5/23,,7B,LM,AMH,Y,
263,LM_013,24 00.1207,110 09.5990,1716,189,NA,,,,,,NA,NA,Y,Y,CK,9/5/23,"Daniel tag: 63, height = Kieran, on steep cliff",7B,LM,AMH,Y,63
262,LM_015,24.00223,110.16066,529,181,71.3,,,,,,14.31,12.23,Y,Y,CK,9/5/23,tree fallen but still alive,7B,LM,AMH,Y,
256,LM_016,23.99965,110.16953,504,181,30.4,,,,,,4.79,8.6,Y,Y,CK,9/5/23,,7B,LM,AMH,Y,
257,LM_017,23.99962,110.16956,504,181,60.1,26.3,,,,,15.1,13.2,Y,Y,CK,9/5/23,"2 trunks at breast height so 2 DBH's, Victor is standing next to one stem and pointing at the tri-forked stem that will be the top height",7B,LM,AMH,Y,
267,LM_018,23.99962,110.16937,503,181,21.2,,,,,,7.93,4.38,Y,Y,CK,9/5/23,,8A,LM,AMH,Y,
271,LM_019,23.99956,110.1694,506,181,22.5,,,,,,6.39,4.1,Y,Y,CK,9/5/23,wasps,8A,LM,AMH,Y,
269,LM_021,23.99965,110.16841,512,181,44.3,,,,,,13.71,8.65,Y,Y,CK,9/5/23,,8A,LM,AMH,Y,
276,LM_020,23.99964,110.1684,512,181,28.4,,,,,,7.8,3.8,Y,Y,CK,9/5/23,,8A,LM,AMH,Y,
270,LM_023,23.99964,110.1684,512,181,34.7,,,,,,10.41,4.47,Y,Y,CK,9/5/23,,8A,LM,AMH,Y,
275,LM_022,23.99964,110.1684,512,181,33.5,,,,,,9.45,6.35,Y,Y,CK,9/5/23,,8A,LM,AMH,Y,
277,LM_024,23.99964,110.1684,512,181,37,33.6,41.2,,,,14.05,11.08,Y,Y,CK,9/5/23,3 trunks at breast height so 3 DBH's,8A,LM,AMH,Y,
273,LM_025,23.99964,110.16723,512,181,26.6,,,,,,5.1,6.8,Y,Y,CK,9/5/23,,8A,LM,AMH,Y,
259,LM_075,23.99978,110.16723,513,181,44.8,,,,,,7.05,4.81,Y,Y,CK,9/5/23,immediately up bank there is another q. brandegeei that could not be reached,8B,LM,AMH,Y,
258,LM_026,24.00009,110.16661,510,181,38.1,,,,,,7.2,4.29,Y,Y,CK,9/5/23,,8B,LM,AMH,Y,
272,LM_074,24.00007,110.16651,510,181,31,,,,,,10.09,4.32,Y,Y,CK,9/5/23,,8B,LM,AMH,Y,
274,LM_073,24.00011,110.16644,511,181,22.1,41.5,43.8,37.8,29.3,49.2,15.95,15.79,Y,Y,CK,9/5/23,6 trunks at breast height; immediately up bank there is another q. brandegeei that could not be reached,8B,LM,AMH,Y,
279,LM_072,24.00032,110.16616,509,181,39.3,55.2,56.6,,,,20.42,12.9,Y,Y,CK,9/5/23,,8B,LM,AMH,Y,
287,LM_054,24.00032,110.16624,509,181,43.3,,,,,,9.29,8.35,Y,Y,CK,9/5/23,,8B,LM,AMH,Y,
286,LM_055,24.00073,110.16629,510,181,39.7,,,,,,6.6,8.1,Y,Y,CK,9/5/23,,8B,LM,AMH,Y,
285,LM_056,24.00075,110.16628,512,181,36.1,,,,,,8.31,7.3,Y,Y,CK,9/5/23,,8B,LM,AMH,Y,
289,LM_057,24.00079,110.1662,512,181,37.5,,,,,,6.58,11.3,Y,Y,CK,9/5/23,,9A,LM,AMH,Y,
288,LM_058,24.00078,110.16617,513,181,31.7,,,,,,7.37,4.1,Y,Y,CK,9/5/23,,9A,LM,AMH,Y,
278,LM_071,24.00093,110.16608,512,181,37.6,,,,,,9.75,8.27,Y,Y,CK,9/5/23,"one Q. brandegeei to the side of this tree but since the leaves could not be reached, it was not measured",9A,LM,AMH,Y,
284,LM_059,24.00093,110.16606,513,181,35.7,,,,,,8.29,5.21,Y,Y,CK,9/5/23,,9A,LM,AMH,Y,
280,LM_060,24.00093,110.16606,513,181,51.5,,,,,,10.48,8.11,Y,Y,CK,9/5/23,,9A,LM,AMH,Y,
281,LM_070,24.00093,110.16606,513,181,58,,,,,,12.63,15.89,Y,Y,CK,9/5/23,,9A,LM,AMH,Y,
282,LM_069,24.00093,110.16606,513,181,34.8,,,,,,15.31,8.4,Y,Y,CK,9/5/23,,9A,LM,AMH,Y,
283,LM_061,24.00093,110.16606,513,181,43.6,,,,,,12.59,9.6,Y,Y,CK,9/5/23,,9A,LM,AMH,Y,
292,LM_062,24.00111,110.16563,513,181,43.1,,,,,,9.34,10.4,Y,Y,CK,9/5/23,,9B,LM,AMH,Y,
298,LM_063,24.00111,110.16552,513,181,23.6,32.4,42.8,43,,,12.19,10.32,Y,Y,CK,9/5/23,4 trunks at breast height ,9B,LM,AMH,Y,
297,LM_064,24.00112,110.16547,514,181,27.5,35,,,,,10.21,6.45,Y,Y,CK,9/5/23,2 trunks at breast height so 2 DBH's,9B,LM,AMH,Y,
290,LM_065,24.00113,110.16541,512,181,26,23.1,34.3,,,,17.4,5.89,Y,Y,CK,9/5/23,3 trunks at breast height so 3 DBH's,9B,LM,AMH,Y,
300,LM_066,24.00116,110.16536,514,181,42.8,,,,,,8.6,4.8,Y,Y,CK,9/5/23,,9B,LM,AMH,Y,
299,LM_068,24.0012,110.1651,514,181,32.7,,,,,,10.05,6.9,Y,Y,CK,9/5/23,,9B,LM,AMH,Y,
291,LM_067,24.00114,110.16536,512,181,28.8,,,,,,7.23,5.55,Y,Y,CK,9/5/23,"after this tree, passed 2 visible q. brandegeei trees that were on rock and could not be measured",9B,LM,AMH,Y,
293,LM_041,24.00184,110.16393,515,181,56,,,,,,11.14,11.32,Y,Y,CK,9/5/23,,9B,LM,AMH,Y,
296,LM_042,24.00184,110.16389,518,181,41.2,41.9,,,,,13.95,12.88,Y,Y,CK,9/5/23,2 trunks at breast height so 2 DBH's,10A,LM,AMH,Y,
53,LM_151,24.00175,110.16138,481,181,39.1,,,,,,11.1,11.75,Y,Y,CK,9/6/23,LM transect #1,12A,LM,AMH,Y,
371,LM_152,24.00166,110.16129,533,181,38.5,,,,,,9.15,8.17,Y,Y,CK,9/6/23,LM transect #1,12A,LM,AMH,Y,
381,LM_153,24.0018,110.16107,532,181,39.9,,,,,,6.85,6.56,Y,Y,CK,9/6/23,LM transect #1,12A,LM,AMH,Y,
380,LM_154,24.0018,110.16108,530,181,29.3,,,,,,3.55,8.2,Y,Y,CK,9/6/23,LM transect #1,12A,LM,AMH,Y,
378,LM_155,24.00182,110.16108,528,181,40.4,,,,,,7.05,2,Y,Y,CK,9/6/23,LM transect #1,12A,LM,AMH,Y,
,LM_156,,,,,,,,,,,,,,,,,"LM transect #1; In series of photos, this is tree untagged (and unmeasured) but have a photo & 6 leaves in the 156 envelope",12A,LM,AMH,Y,
387,LM_157,24 00.1356,110 09.6651,527,181,37,49.9,70,46,,,14.8,12.93,Y,Y,KA,9/6/23,LM transect #1; Mother tree #1; 4 trunks at breast height,12A,LM,AMH,Y,
382,LM_158,24.00264,110.16417,521,181,47,,,,,,10.1,10.05,Y,Y,CK,9/6/23,"LM transect #2, likely outside of 20m",12A,LM,AMH,Y,
294,LM_159,24.0013,110.16333,524,172,21.5,22,,,,,6.21,4.9,Y,Y,CK,9/6/23,LM transect #2; 2 trunks at breast height so 2 DBH's,12A,LM,AMH,Y,
384,LM_160,24.00129,110.16336,523,181,30.3,,,,,,4.25,~3,Y,Y,CK,9/6/23,LM transect #2; there were wasps that prevented a more precise canopy axis 2 measurement; there's another tree below this one with some info in the datasheet but it was too high to reach so no leaves or pictures were taken,12B,LM,AMH,Y,
305,LM_161,24.00217,110.15834,533,181,43.4,55.2,,,,,14.25,12.05,Y,Y,CK,9/6/23,2 trunks at breast height so 2 DBH's,12B,LM,AMH,Y,
304,LM_162,24.00217,110.15829,534,181,53.3,44.6,,,,,15.81,15.7,Y,Y,CK,9/6/23,2 trunks at breast height so 2 DBH's,12B,LM,AMH,Y,
52,LM_163,24.0022,110.15827,532,181,39.6,48.6,,,,,7.1,15.35,Y,Y,CK,9/6/23,2 trunks at breast height so 2 DBH's,12B,LM,AMH,Y,
54,LM_164,24 00.1271,110 09.4900,531,181,52.4,37.5,,,,,9.35,15.65,Y,Y,KA,9/6/23,2 trunks at breast height so 2 DBH's,12B,LM,AMH,Y,
55,LM_165,24 00.1221,110 09.4840,534,172,42,,,,,,9.95,9.05,Y,Y,KA,9/6/23,,12B,LM,AMH,Y,
56,LM_166,24 00.1071,110 09.4835,539,181,116.2,31.6,,,,,13.3,13.4,Y,Y,KA,9/6/23,2 trunks at breast height so 2 DBH's,12B,LM,AMH,Y,
57,LM_167,24 00.0896,110 09.4556,545,181,33,,,,,,8.95,7.33,Y,Y,KA,9/6/23,,13A,LM,AMH,Y,
386,LM_168,24 00.0871,110 09.4600,544,181,49.1,,,,,,11.95,12.06,Y,Y,KA,9/6/23,,13A,LM,AMH,Y,
388,LM_169,24 00.1894,110 09.4656,534,190,,,,,,,,,Y,Y,KA,9/6/23,Daniel tag #75,13A,LM,AMH,Y,75
389,LM_044,24 00.1869,110.15762,533,181,61.4,,,,,,11.2,9.48,Y,Y,KA,9/6/23,height of stick person not written so extrapolated from photo,13A,LM,AMH,Y,
390,LM_043,24 00.1825,110 09.4599,535,190,,,,,,,,,Y,Y,KA,9/6/23,Daniel tag #76,13A,LM,AMH,Y,76
295,LM_225,24 00.1880,110 09.4522,532,172,44,,,,,,9.87,13.51,Y,Y,KA,9/6/23,,13A,LM,AMH,Y,
372,LM_224,24 00.1875,110 09.4487,535,172,27.5,,,,,,5.56,7.91,Y,Y,KA,9/6/23,,13A,LM,AMH,Y,
383,LM_223,24 00.1903,110 09.4492,530,172,43.4,,,,,,12.3,12.34,Y,Y,KA,9/6/23,,13A,LM,AMH,Y,
301,LM_222,24 00.1926,110 09.4494,532,172,55.6,64.2,61,16,,,24.1,17.51,Y,Y,KA,9/6/23,4 trunks at breast height,13B,LM,AMH,Y,
379,LM_221,24 00.1854,110 09.4474,534,181,46.1,,,,,,9.85,12.22,Y,Y,KA,9/6/23,,13B,LM,AMH,Y,
306,LM_220,24.0034,110.15749,532,172,60.5,,,,,,5.4,5.3,Y,Y,VGB,9/6/23,,13B,LM,AMH,Y,
395,LM_219,24.00341,110.15746,532,172,47.2,,,,,,7.55,4.65,Y,Y,VGB,9/6/23,,13B,LM,AMH,Y,
397,LM_218,24.00339,110.15746,534,172,39.4,,,,,,5.6,7.45,Y,Y,VGB,9/6/23,,13B,LM,AMH,Y,
58,LM_170,24.00331,110.15709,534,172,33.4,,,,,,8.27,7.25,Y,Y,VGB,9/6/23,,13B,LM,AMH,Y,
59,LM_171,24.00333,110.1571,533,172,40.5,33.1,,,,,12.26,10.86,Y,Y,VGB,9/6/23,,13B,LM,AMH,Y,
60,LM_172,24.00334,110.15704,534,172,73.9,,,,,,11.76,11.4,Y,Y,VGB,9/6/23,,13B,LM,AMH,Y,
61,LM_173,24.00377,110.15656,534,181,102.8,,,,,,20.85,18.95,Y,Y,VGB,9/6/23,,14A,LM,CAJ,Y,
377,LM_217,24 00.2898,110 09.3814,541,181,53.6, , ,,,,12.41,11.6,Y,Y,KA,9/6/23,,14A,LM,CAJ,Y,
391,LM_216,24 00.3247,110 09.3919,540,181,28.9,37.2,30.9,,,,10.87,10.52,Y,Y,KA,9/6/23,,14A,LM,CAJ,Y,
400,LM_174,24 00.2342,110 09.3284,536,172,43.3,,,,,,8.63,9.72,Y,Y,KA,9/7/23,,15A,LM,CAJ,Y,
62,LM_175,24 00.2328,110 09.3282,537,172,57.7,,,,,,9.92,9.19,Y,Y,KA,9/7/23,,15A,LM,CAJ,Y,
63,LM_176,24 00.2292,110 09.3275,535,172,44.5,,,,,,7.93,10.44,Y,Y,KA,9/7/23,,15A,LM,CAJ,Y,
64,LM_177,24 00.2283,110 09.3247,536,172,53.4, , ,,,,15.41,12.52,Y,Y,KA,9/7/23,,15A,LM,CAJ,Y,
65,LM_215,24 00.2433,110 09.3536,535,172,33.3,,,,,,8.18,5.16,Y,Y,KA,9/7/23,,15A,LM,CAJ,Y,
66,LM_214,24 00.2428,110 09.3537,537,172,49.5,,,,,,11.24,12.42,Y,Y,KA,9/7/23,,15A,LM,CAJ,Y,
67,LM_213,24 00.2464,110 09.3533,537,172,41.4,,,,,,13.51,11.73,Y,Y,KA,9/7/23,,15A,LM,CAJ,Y,
68,LM_212,24 00.2489,110 09.3617,537,190,24.3,42,,,,,11.35,15.35,Y,Y,KA,9/7/23,,15A,LM,CAJ,Y,
69,LM_211,24 00.2479,110 09.3641,538,190,54.5,,,,,,16.41,13.41,Y,Y,KA,9/7/23,,15B,LM,CAJ,Y,
70,LM_210,24 00.2444,110 09.3650,540,172,28.3,,,,,,3.47,5,Y,Y,KA,9/7/23,,15B,LM,CAJ,Y,
71,LM_209,24 00.2453,110 09.3684,538,172,43.4,,,,,,12.34,19.7,Y,Y,KA,9/7/23,,15B,LM,CAJ,Y,
72,LM_208,24 00.2430,110 09.3672,535,172,68.9,,,,,,15.8,14.49,Y,Y,KA,9/7/23,Tree down. Canopy from length of trunk,15B,LM,CAJ,Y,
73,LM_207,24 00.2405,110 09.3692,535,172,36.4,,,,,,11.8,7.78,Y,Y,KA,9/7/23,,15B,LM,CAJ,Y,
74,LM_206,24 00.2386,110 09.3699,535,172,54,,,,,,15.19,14.35,Y,Y,KA,9/7/23,,15B,LM,CAJ,Y,
75,LM_205,24 00.2326,110 09.3717,534,172,43.8,,,,,,1.75,1.35,Y,Y,KA,9/7/23,,15B,LM,CAJ,Y,
76,LM_204,24 00.2366,110 09.3790,535,172,58.2,,,,,,14.73,12.05,Y,Y,KA,9/7/23,,15B,LM,CAJ,Y,
77,LM_203,24 00.2355,110 09.3808,533,172,39.5,,,,,,8.13,10.86,Y,Y,KA,9/7/23,,16A,LM,CAJ,Y,
78,LM_202,24 00.2325,110 09.3764,534,172,49.5,,,,,,6.51,10.41,Y,Y,KA,9/7/23,,16A,LM,CAJ,Y,
79,LM_201,24 00.2326,110 09.3803,535,172,36,,,,,,8.09,10.43,Y,Y,KA,9/7/23,,16A,LM,CAJ,Y,
80,LM_200,24 00.2301,110 09.3809,535,172,60.3,32.7,,,,,15.2,16.13,Y,Y,KA,9/7/23,,16A,LM,CAJ,Y,
81,LM_199,24 00.2202,110 09.3586,534,172,24.7,,,,,,7.68,6.35,Y,Y,KA,9/7/23,,16A,LM,CAJ,Y,
82,LM_198,24 00.2184,110 09.3575,535,172,25.4,,,,,,6.76,8.14,Y,Y,KA,9/7/23,,16A,LM,CAJ,Y,
83,LM_197,24 00.2174,110 09.3601,536,190,22.9,19,,,,,6.9,8.35,Y,Y,KA,9/7/23,,16A,LM,CAJ,Y,
84,LM_196,24 00.2171,110 09.3582,536,172,38.3,,,,,,8.95,12.82,Y,Y,KA,9/7/23,,16A,LM,CAJ,Y,
85,LM_195,24 00.2136,110 09.3595,535,172,40.1,,,,,,9.92,11.01,Y,Y,KA,9/7/23,,16B,LM,CAJ,Y,
86,LM_194,24 00.2155,110 09.3616,535,190,20,18.5,,,,,7.99,7.75,Y,Y,KA,9/7/23,,16B,LM,CAJ,Y,
87,LM_193,24 00.2142,110 09.3644,535,172,17.3,,,,,,5.35,5.16,Y,Y,KA,9/7/23,,16B,LM,CAJ,Y,
88,LM_192,24 00.2151,110 09.3652,536,190,23,26.7,,,,,10,8.27,Y,Y,KA,9/7/23,,16B,LM,CAJ,Y,
89,LM_191,24 00.2106,110 09.3683,537,190,61.7,63.8,,,,,18.31,21.89,Y,Y,KA,9/7/23,,16B,LM,CAJ,Y,
90,LM_190,24 00.2086,110 09.3691,536,190,63.6,,,,,,15.18,14.57,Y,Y,KA,9/7/23,,16B,LM,CAJ,Y,
91,LM_189,24 00.2082,110 09.3664,536,190,68,55.4,58.5,,,,21.75,22.93,Y,Y,KA,9/7/23,,16B,LM,CAJ,Y,
385,LM_178,24 00.2085,110 09.3664,536,172,50.8,,,,,,10.59,12.01,Y,Y,KA,9/7/23,,16B,LM,CAJ,Y,
396,LM_179,24 00.1854,110 09.4186,538,190,84.5,57.5,49.6,,,,20.28,15.27,Y,Y,KA,9/7/23,,17A,LM,CAJ,Y,
92,LM_180,24 00.2506,110 09.5063,534,172,39.5,,,,,,7.08,8.96,Y,Y,KA,9/7/23,,17A,LM,CAJ,Y,
93,LM_181,24 00.2112,110 09.5054,532,172,,,,,,,15.86,,Y,Y,KA,9/7/23,Daniel Tag: 70,17A,LM,CAJ,Y,70
94,LM_182,24 00.2127,110 09.5017,533,190,34,28.6,,,,,11.61,9.74,Y,Y,KA,9/7/23,,17A,LM,CAJ,Y,
95,LM_183,24 00.2170,110 09.4977,533,172,59.4,,,,,,13.78,14.67,Y,Y,KA,9/7/23,,17A,LM,CAJ,Y,
96,LM_184,24 00.2160,110 09.4989,534,172,55.8,37,,,,,14.22,24.21,Y,Y,KA,9/7/23,,17A,LM,CAJ,Y,
97,LM_185,24 00.2127,110 09.5007,535,172,54.5,,,,,,10.89,20.54,Y,Y,KA,9/7/23,,17A,LM,CAJ,Y,
98,LM_186,24 00.2103,110 09.5013,533,172,64.6,49.2,69.7,23.8,,,20.5,20.66,Y,Y,KA,9/7/23, big tree w/ many connected trunks; checked pic to see who was the measuring stick,17A,LM,CAJ,Y,
99,LM_188,24 00.2069,110 09.5050,531,190,47.7,,,,,,10.39,8.2,Y,Y,KA,9/7/23,,17B,LM,CAJ,Y,
100,LM_187,24 00.2045,110 09.5011,532,190,40.8,51.9,,,,,15.33,10.52,Y,Y,KA,9/7/23,,17B,LM,CAJ,Y,
184,SD_105,23 33.1911,109 51.1775,475,172,,,,,,,,,Y,Y,KA,9/10/23,Daniel Tag: 30,33A,SD,CAJ,Y,30
182,SD_106,23 33.1901,109 51.1760,467,172,66.4,,,,,,14.74,8.98,Y,Y,KA,9/10/23,,33A,SD,CAJ,Y,
185,SD_107,23 33.1962,109 51.1813,464,172,73.2,,,,,,9.73,18.68,Y,Y,KA,9/10/23,,33A,SD,CAJ,Y,
187,SD_108,23 33.2003,109 51.1825,459,172,45.6,,,,,,8.7,11.21,Y,Y,KA,9/10/23,,33A,SD,CAJ,Y,
183,SD_109,23 33.2020,109 51.1835,448,172,48.8,,,,,,9.16,8.09,Y,Y,KA,9/10/23,,33A,SD,CAJ,Y,
136,SD_110,23 33.2013,109 51.1861,440,172,57.3,,,,,,4.43,6.33,Y,Y,KA,9/10/23,,33A,SD,CAJ,Y,
138,SD_111,23 33.2007,109 51.1804,433,172,23.7,,,,,,7.45,4.7,Y,Y,KA,9/10/23,,33A,SD,CAJ,Y,
139,SD_112,23 33.2007,109 51.1804,433,172,54.2,,,,,,10.71,11.57,Y,Y,KA,9/10/23,right next to previous oak,33A,SD,CAJ,Y,
140,SD_113,23 33.1977,109 51.1785,430,172,37.4,30.7,,,,,10.1,6.55,Y,Y,KA,9/10/23,,33B,SD,CAJ,Y,
153,SD_114,23 33.2049,109 51.1678,430,172,37.6,,,,,,9.24,12.65,Y,Y,KA,9/10/23,,33B,SD,CAJ,Y,
146,SD_115,23 33.2052,109 51.1673,429,172,45.3,,,,,,11.5,11.88,Y,Y,KA,9/10/23,,33B,SD,CAJ,Y,
142,SD_116,23 33.2067,109 51.1642,430,172,52.1,,,,,,13.05,11.76,Y,Y,KA,9/10/23,,33B,SD,CAJ,Y,
149,SD_117,23 33.2051,109 51.1611,430,172,26.4,,,,,,6.52,8.31,Y,Y,KA,9/10/23,,33B,SD,CAJ,Y,
147,SD_118,23 33.2070,109 51.1594,430,172,34.7,,,,,,10.31,5.92,Y,Y,KA,9/10/23,,33B,SD,CAJ,Y,
144,SD_119,23 33.2078,109 51.1583,429,172,35.3,,,,,,5.3,10.32,Y,Y,KA,9/10/23,,33B,SD,CAJ,Y,
143,SD_120,23 33.2065,109 51.1580,429,172,26.1,,,,,,3.82,10.68,Y,Y,KA,9/10/23,,33B,SD,CAJ,Y,
141,SD_121,23 33.2079,109 51.1582,430,172,33.2,,,,,,6.27,9.91,Y,Y,KA,9/10/23,,34A,SD,CAJ,Y,
145,SD_122,23 33.2074,109 51.1571,430,172,28,23.4,23.1,,,,11.95,9.46,Y,Y,KA,9/10/23,,34A,SD,CAJ,Y,
148,SD_123,23 33.2046,109 51.1581,427,172,47.8,18.4,,,,,18.1,6.73,Y,Y,KA,9/10/23,,34A,SD,CAJ,Y,
135,SD_124,23 33.2060,109 51.1595,429,172,24.5,,,,,,8.7,5.28,Y,Y,KA,9/10/23,,34A,SD,CAJ,Y,
150,SD_125,23 33.2051,109 51.1579,430,172,22,,,,,,2.7,1.3,Y,Y,KA,9/10/23,"Newly dead. Only a few trunk sprouts, but approx. 30 ??",34A,SD,CAJ,Y,
151,SD_126,23 33.2049,109 51.1546,430,172,34,22.4,,,,,11.27,7.76,Y,Y,KA,9/10/23,,34A,SD,CAJ,Y,
154,SD_127,23 33.2062,109 51.1513,429,152,68.7,,,,,,15.74,16.11,Y,Y,KA,9/10/23,Daniel: 32,34A,SD,CAJ,Y,32
155,SD_128,23 33.2067,109 51.1515,428,172,78,,,,,,12.72,12.65,Y,Y,KA,9/10/23,,34A,SD,CAJ,Y,
157,SD_129,23 33.2148,109 51.1483,430,152,,,,,,,16.1,11,Y,Y,KA,9/10/23,Daniel tag: 33; Marisela is measuring stick; good to check against Daniel's data,34B,SD,CAJ,Y,33
137,SD_076,23 33.1924,109 51.1537,433,172,78.8,,,,,,6,6.71,Y,Y,KA,9/10/23,,34B,SD,CAJ,Y,
156,SD_130,23 33.1842,109 51.1644,430,172,66,,,,,,15.75,11.81,Y,Y,KA,9/10/23,,34B,SD,CAJ,Y,
160,SD_077,23 33.2201,109 51.1019,430,152,,,,,,,,,Y,Y,KA,9/10/23,Daniel tag: 35,34B,SD,CAJ,Y,35
152,SD_078,23 33.2214,109 51.1019,430,172,,,,,,,,,Y,Y,KA,9/10/23,Daniel tag: 34,34B,SD,CAJ,Y,34
161,SD_079,23 33.2244,109 51.0951,428,172,48.2,42,40.2,,,,15.41,16.89,Y,Y,KA,9/10/23,,34B,SD,CAJ,Y,
159,SD_131,23 33.2222,109 51.0887,426,172,50.9,76.6,,,,,19.22,16.13,Y,Y,KA,9/10/23,,34B,SD,CAJ,Y,
158,SD_080,23 33.2240,109 51.0898,426,172,,,,,,,,,Y,Y,KA,9/10/23,Daniel tag: 36,34B,SD,CAJ,Y,36
165,SD_081,23 33.2242,109 51.0816,425,172,82.7,,,,,,14.85,18.69,Y,Y,KA,9/10/23,,35A,SD,CAJ,Y,
162,SD_082,23 33.2296,109 51.0676,426,172,,,,,,,,,Y,Y,KA,9/10/23,Daniel tag: 37,35A,SD,CAJ,Y,37
166,SD_132,23 33.2329,109 51.0577,428,172,62.7,26.4,,,,,12.06,15.95,Y,Y,KA,9/10/23,,35A,SD,CAJ,Y,
164,SD_083,23 33.2283,109 51.0403,429,172,,,,,,,,,Y,Y,KA,9/10/23,Daniel tag: 38,35A,SD,CAJ,Y,38
168,SD_133,23 33.2295,109 51.0334,427,172,142.4,,,,,,18.13,10.85,Y,Y,KA,9/10/23,,35A,SD,CAJ,Y,
169,SD_084,23 33.2331,109 51.0127,423,172,50.3,,,,,,16.45,9.63,Y,Y,KA,9/10/23,,35A,SD,CAJ,Y,
163,SD_134,23 33.2337,109 51.0114,420,172,33.3,,,,,,6.3,10.85,Y,Y,KA,9/10/23,,35A,SD,CAJ,Y,
175,SD_085,23 33.2331,109 51.0090,427,172,43,,,,,,9.52,9.45,Y,Y,KA,9/10/23,,35A,SD,CAJ,Y,
174,SD_086,23 33.2303,109 51.0118,427,172,36.2,,,,,,6.25,6.86,Y,Y,KA,9/10/23,,35B,SD,CAJ,Y,
167,SD_087,23 33.2287,109 51.0139,427,172,43,27.5,,,,,11.72,9.64,Y,Y,KA,9/10/23,,35B,SD,CAJ,Y,
170,SD_088,23 33.2295,109 51.0073,427,172,34.2,,,,,,9.46,6.73,Y,Y,KA,9/10/23,,35B,SD,CAJ,Y,
171,SD_135,23 33.2299,109 51.0015,427,172,38.4, ,,,,,6.7,6.33,Y,Y,KA,9/10/23,,35B,SD,CAJ,Y,
176,SD_089,23 33.2301,109 51.0026,429,172,31.4,,,,,,9.24,6,Y,Y,KA,9/10/23,,35B,SD,CAJ,Y,
181,SD_136,23 33.2312,109 51.0051,430,172,62.2,,,,,,8.45,8.7,Y,Y,KA,9/10/23,,35B,SD,CAJ,Y,
178,SD_137,23 33.2372,109 51.0096,426,172,57,,,,,,12.45,11.19,Y,Y,KA,9/10/23,,35B,SD,CAJ,Y,
177,SD_090,23 33.2359,109 51.0024,424,172,46.5,,,,,,10.25,12.28,Y,Y,KA,9/10/23,,35B,SD,CAJ,Y,
180,SD_091,23 33.2134,109 51.0004,426,172,,,,,,,,,Y,Y,KA,9/10/23,Daniel tag: 39,36A,SD,CAJ,Y,39
179,SD_138,23 33.2087,109 50.9991,426,172,25.2,,,,,,7.2,4.7,Y,Y,KA,9/10/23,,36A,SD,CAJ,Y,
173,SD_092,23 33.2094,109 50.9997,426,172,31.4,,,,,,8,8.64,Y,Y,KA,9/10/23,,36A,SD,CAJ,Y,
172,SD_093,23 33.2098,109 51.0034,426,172,18.4,21.5,,,,,8.53,8.99,Y,Y,KA,9/10/23,,36A,SD,CAJ,Y,
501,SD_094,23 33.2100,109 51.0016,423,172,29.4,,,,,,10.35,6.08,Y,Y,KA,9/10/23,,36A,SD,CAJ,Y,
510,SD_139,23 33.2064,109 51.0037,422,172,15.2,13.1,,,,,9.05,8.58,Y,Y,KA,9/10/23,,36A,SD,CAJ,Y,
516,SD_140,23 33.2045,109 51.0060,424,172,38.8,,,,,,8.01,7.25,Y,Y,KA,9/10/23,,36A,SD,CAJ,Y,
526,SD_095,23 33.2038,109 51.0100,425,172,57,,,,,,11.6,7.72,Y,Y,KA,9/10/23,,36A,SD,CAJ,Y,
503,SD_096,23 33.2037,109 51.0107,425,172,44.5,,,,,,5.49,7.2,Y,Y,KA,9/10/23,,36B,SD,CAJ,Y,
513,SD_097,23 33.2058,109 51.0108,426,172,49.8,,,,,,8.65,14.78,Y,Y,KA,9/10/23,,36B,SD,CAJ,Y,
519,SD_098,23 33.2079,109 51.0140,426,172,78.8,,,,,,11.15,10.37,Y,Y,KA,9/10/23,,36B,SD,CAJ,Y,
515,SD_141,23 33.2085,109 51.0132,425,172,73,,,,,,8.91,13.19,Y,Y,KA,9/10/23,,36B,SD,CAJ,Y,
507,SD_142,23 33.2094,109 51.0161,427,172,56,,,,,,12.91,9.22,Y,Y,KA,9/10/23,,36B,SD,CAJ,Y,
525,SD_143,23 33.1885,109 51.0123,430,172,,,,,,,,,Y,Y,KA,9/10/23,Daniel Tag: 42,36B,SD,CAJ,Y,42
520,SD_099,23 33.1877,109 51.0160,431,172,17.5,,,,,,3.85,7.57,Y,Y,KA,9/10/23,,36B,SD,CAJ,Y,
512,SD_144,23 33.1821,109 51.0009,429,172,,,,,,,,,Y,Y,KA,9/10/23,Daniel Tag: 41,36B,SD,CAJ,Y,41
518,SD_145,23 33.1817,109 51.0257,421,172,,,,,,,,,Y,Y,KA,9/10/23,Daniel Tag: 43,37A,SD,CAJ,Y,43
506,SD_100,23 33.1825,109 51.0263,420,172,22.2,37.7,,,,,8.4,13.74,Y,Y,KA,9/10/23,,37A,SD,CAJ,Y,
508,SD_101,23 33.1837,109 51.0246,419,172,23.5,,,,,,5.73,7.83,Y,Y,KA,9/10/23,,37A,SD,CAJ,Y,
524,SD_146,23 33.1772,109 51.0284,417,172,14.4,,,,,,5.75,4.47,Y,Y,KA,9/10/23,,37A,SD,CAJ,Y,
523,SD_102,23 33.1811,109 51.0260,419,172,81.5,,,,,,2.85,4.69,Y,Y,KA,9/10/23,,37A,SD,CAJ,Y,
522,SD_103,23 33.1802,109 51.0254,416,172,12.7,,,,,,3.12,4.11,Y,Y,KA,9/10/23,,37A,SD,CAJ,Y,
505,SD_104,23 33.1776,109 51.0265,418,172,39,,,,,,5.52,6.01,Y,Y,KA,9/10/23,,37A,SD,CAJ,Y,
517,SD_147,23 33.1807,109 51.0311,420,172,20.4,68,,,,,11.16,15.07,Y,Y,KA,9/10/23,,37A,SD,CAJ,Y,
514,SD_148,23 33.1740,109 51.0312,418,172,37.4,45.7,,,,,15.42,14.1,Y,Y,KA,9/10/23,,37B,SD,CAJ,Y,
502,SD_149,23 33.1756,109 51.0356,412,172,19.4,,,,,,2.02,2.08,Y,Y,KA,9/10/23,,37B,SD,CAJ,Y,
521,SD_150,23 33.1748,109 51.0374,417,172,67.3,,,,,,11.15,13.45,Y,Y,KA,9/10/23,,37B,SD,CAJ,Y,
504,SD_035,23 33.1712,109 51.0330,422,172,41.4,39.5,,,,,14.54,11.97,Y,Y,KA,9/10/23,,37B,SD,CAJ,Y,
511,SD_036,23 33.1718,109 51.0283,421,172,20.4,,,,,,7.04,5.56,Y,Y,KA,9/10/23,,37B,SD,CAJ,Y,
509,SD_034,23 33.1711,109 51.0296,422,172,21.5,,,,,,8.99,6.26,Y,Y,KA,9/10/23,,37B,SD,CAJ,Y,
527,SD_037,23 33.1722,109 51.0296,424,172,16.4,,,,,,6.91,6.59,Y,Y,KA,9/10/23,,37B,SD,CAJ,Y,
600,SD_038,23 33.1693,109 51.0292,423,172,31,,,,,,6.86,8.37,Y,Y,KA,9/10/23,,37B,SD,CAJ,Y,
599,SD_039,23 33.1692,109 51.0318,423,172,41,,,,,,8.24,15.23,Y,Y,KA,9/10/23,,38A,SD,CAJ,Y,
598,SD_040,23 33.1666,109 51.0292,424,172,41,,,,,,10.05,8.82,Y,Y,KA,9/10/23,,38A,SD,CAJ,Y,
597,SD_041,23 33.1656,109 51.0219,425,172,,,,,,,13.2,,Y,Y,KA,9/10/23,Daniel tag: 44,38A,SD,CAJ,Y,44
595,SD_001,23 33.0338,109 50.5570,410,172,82.9,,,,,,20.9,14.6,Y,Y,KA,9/10/23,,38A,SD,CAJ,Y,
594,SD_002,23 33.0475,109 50.5879,408,172,89.6,,,,,,29.88,14.21,Y,Y,KA,9/10/23,,38A,SD,CAJ,Y,
593,SD_003,23 33.0607,109 50.6031,412,172,17,,,,,,4.06,4.09,Y,Y,KA,9/10/23,,38A,SD,CAJ,Y,
592,SD_075,23 33.0621,109 50.6118,408,172,10.3,,,,,,13.18,14.99,Y,Y,KA,9/10/23,,38A,SD,CAJ,Y,
591,SD_004,23 33.0933,109 50.6599,420,172,39.9,38.4,32.2,,,,21.5,11.83,Y,Y,KA,9/10/23,,38A,SD,CAJ,Y,
590,SD_005,23 33.0927,109 50.6607,420,172,48.4,,,,,,10.05,11.08,Y,Y,KA,9/10/23,,38B,SD,CAJ,Y,
589,SD_006,23 33.0907,109 50.6644,419,172,61.4,,,,,,13,12.03,Y,Y,KA,9/10/23,,38B,SD,CAJ,Y,
588,SD_074,23 33.0906,109 50.6629,419,172,26.3,19.9,,,,,5.09,9.7,Y,Y,KA,9/10/23,,38B,SD,CAJ,Y,
587,SD_073,23 33.0884,109 50.6626,420,172,34.3,,,,,,5,6,Y,Y,KA,9/10/23,,38B,SD,CAJ,Y,
586,SD_007,23 33.1230,109 50.7504,421,172,42.7,42.6,17.4,41,,,15.5,13.31,Y,Y,KA,9/10/23,"too big, awk pic, mother tree",38B,SD,CAJ,Y,
585,SD_009,23 33.1636,109 50.8063,418,172,43.8,,,,,,10.92,10.71,Y,Y,KA,9/10/23,,38B,SD,CAJ,Y,
584,SD_072,23 33.1686,109 50.8137,422,172,41.5,,,,,,10.7,11.8,Y,Y,KA,9/10/23,,38B,SD,CAJ,Y,
596,SD_008,23 33.1731,109 50.8124,423,172,26.8,,,,,,8.2,7.77,Y,Y,KA,9/10/23,,38B,SD,CAJ,Y,
583,SD_010,23 33.1430,109 50.8814,418,172,64.4,59.5,,,,,18.9,25.54,Y,Y,KA,9/10/23,BEES!,39A,SD,CAJ,Y,
582,SD_011,23 33.1460,109 50.8733,423,172,47.4,,,,,,13.84,10.3,Y,Y,KA,9/10/23,,39A,SD,CAJ,Y,
581,SD_071,23 33.1435,109 50.8744,423,172,58.2,,,,,,10.9,14.1,Y,Y,KA,9/10/23,,39A,SD,CAJ,Y,
580,SD_070,23 33.1783,109 50.8991,421,172,89.5,,,,,,16.9,16.15,Y,Y,KA,9/10/23,,39A,SD,CAJ,Y,
579,SD_069,23 33.1776,109 50.8974,420,172,13,,,,,,5.81,6.33,Y,Y,KA,9/10/23,,39A,SD,CAJ,Y,
578,SD_068,23 33.1900,109 50.9108,428,172,46.4,,,,,,12.69,10,Y,Y,KA,9/10/23,,39A,SD,CAJ,Y,
577,SD_012,23 33.1900,109 50.9129,428,172,30,,,,,,7.25,10.25,Y,Y,KA,9/10/23,,39A,SD,CAJ,Y,
576,SD_013,23 33.1905,109 50.9143,428,172,37.2,,,,,,10.6,12.71,Y,Y,KA,9/10/23,,39A,SD,CAJ,Y,
575,SD_014,23 33.2227,109 50.9590,426,172,51,,,,,,12.9,12.21,Y,Y,KA,9/10/23,,39B,SD,CAJ,Y,
574,SD_067,23 33.2222,109 50.9623,427,172,59.1,,,,,,12.2,13.74,Y,Y,KA,9/10/23,,39B,SD,CAJ,Y,
573,SD_066,23 33.2244,109 50.9603,423,172,41.8,,,,,,9.5,11.44,Y,Y,KA,9/10/23,,39B,SD,CAJ,Y,
572,SD_015,23 33.2445,109 50.9306,428,172,55,,,,,,13.2,10.09,Y,Y,KA,9/10/23,,39B,SD,CAJ,Y,
571,SD_016,23 33.2447,109 50.9307,427,172,33.7,,,,,,8.79,6.5,Y,Y,KA,9/10/23,,39B,SD,CAJ,Y,
570,SD_043,23 33.2460,109 50.9278,427,190,16.7,13.5,,,,,8.15,6.8,Y,Y,KA,9/10/23,,39B,SD,CAJ,Y,
569,SD_042,23 33.2456,109 50.9313,425,172,40.6,,,,,,8.16,6.37,Y,Y,KA,9/10/23,,39B,SD,CAJ,Y,
568,SD_044,23 33.2458,109 50.9299,425,172,17,,,,,,3.92,5.22,Y,Y,KA,9/10/23,,39B,SD,CAJ,Y,
567,SD_032,23 33.2484,109 50.9303,426,172,28.4,,,,,,9.53,9.41,Y,Y,KA,9/10/23,,40A,SD,CAJ,Y,
566,SD_033,23 33.2472,109 50.9303,426,172,23.9,,,,,,4,6.59,Y,Y,KA,9/10/23,,40A,SD,CAJ,Y,
198,SD_017,23 33.4848,109 51.5519,449,172,7.8,,,,,,3.45,3.97,Y,Y,KA,9/11/23,,40A,SD,CAJ,Y,
190,SD_018,23 33.4872,109 51.5981,450,172,12.3,16.2,18.7,11,11.5,,6.93,5.15,Y,Y,KA,9/11/23,many sprouts,40A,SD,CAJ,Y,
188,SD_019,23 33.4612,109 51.5395,450,172,141.7,,,,,,23.1,20.07,Y,Y,KA,9/11/23,,40A,SD,CAJ,Y,
193,SD_020,23 33.4492,109 51.5326,452,172,32,,,,,,7.18,7.75,Y,Y,KA,9/11/23,,40A,SD,CAJ,Y,
560,SD_021,23 33.4468,109 51.5386,452,172,39,,,,,,10.77,7.99,Y,Y,KA,9/11/23,,40A,SD,CAJ,Y,
559,SD_022,23 33.4454,109 51.5365,454,172,26.8,,,,,,7.96,9.05,Y,Y,KA,9/11/23,,40A,SD,CAJ,Y,
558,SD_023,23 33.4490,109 51.5344,454,172,57.3,31.4,,,,,17.27,15.02,Y,Y,KA,9/11/23,,40B,SD,CAJ,Y,
557,SD_024,23 33.4163,109 51.5270,448,172,65.8,77.1,57,54.7,,,25.45,17.67,Y,Y,KA,9/11/23,,40B,SD,CAJ,Y,
556,SD_025,23 33.4130,109 51.5231,446,172,37.4,,,,,,13.71,15.9,Y,Y,KA,9/11/23,,40B,SD,CAJ,Y,
555,SD_026,23 33.4054,109 51.5183,449,172,11.2,,,,,,2.8,6.79,Y,Y,KA,9/11/23,,40B,SD,CAJ,Y,
554,SD_027,23 33.4033,109 51.5181,449,172,9.3,,,,,,4.91,2.3,Y,Y,KA,9/11/23,,40B,SD,CAJ,Y,
553,SD_028,23 33.3988,109 51.5194,449,172,23.5,,,,,,15.49,10.08,Y,Y,KA,9/11/23,,40B,SD,CAJ,Y,
552,SD_029,23 33.4025,109 51.5232,449,172,14.4,,,,,,4.57,5.13,Y,Y,KA,9/11/23,,40B,SD,CAJ,Y,
551,SD_030,23 33.4027,109 51.5249,452,172,11.2, ,,,,,3.88,3.2,Y,Y,KA,9/11/23,,40B,SD,CAJ,Y,
550,SD_031,23 33.4011,109 51.5230,447,172,42.3, ,,,,,~20,10.34,Y,Y,KA,9/11/23,,41A,SD,CAJ,Y,
549,SD_045,23 33.3991,109 51.5252,449,172,74.2, ,,,,,9.1,14.45,Y,Y,KA,9/11/23,,41A,SD,CAJ,Y,
548,SD_046,23 33.3991,109 51.5252,449,172,43.8, ,,,,,11.09,8.31,Y,Y,KA,9/11/23,,41A,SD,CAJ,Y,
547,SD_047,23 33.3937,109 51.5273,451,172,33, ,,,,,12.35,8.83,Y,Y,KA,9/11/23,,41A,SD,CAJ,Y,
546,SD_048,23 33.3900,109 51.5212,447,172,91.6,,,,,,11.73,14.79,Y,Y,KA,9/11/23,,41A,SD,CAJ,Y,
545,SD_049,23 33.4063,109 51.4848,442,172,12.2,,,,,,5.62,4.38,Y,Y,KA,9/11/23,,41A,SD,CAJ,Y,
544,SD_050,23 33.4073,109 51.4844,442,172,11.9,9.5,13,8.9,,,4.74,6.52,Y,Y,KA,9/11/23,,41A,SD,CAJ,Y,
543,SD_051,23 33.4058,109 51.4842,443,172,11.4,13.3,12.2,7.9,11.3,,8.27,6.99,Y,Y,KA,9/11/23,,41A,SD,CAJ,Y,
542,SD_052,23 33.4027,109 51.4828,445,172,6.8,6.6,6,3.6,,,3.64,4.07,Y,Y,KA,9/11/23,,41B,SD,CAJ,Y,
541,SD_053,23 33.4018,109 51.4813,444,172,5,4.5,,,,,2.53,3.05,Y,Y,KA,9/11/23,,41B,SD,CAJ,Y,
540,SD_054,23 33.4015,109 51.4848,444,172,6,,,,,,4.11,4.19,Y,Y,KA,9/11/23,,41B,SD,CAJ,Y,
539,SD_056,23 33.3999,109 51.4828,443,172,10.3,11.5,5.3,,,,7.2,5.15,Y,Y,KA,9/11/23,,41B,SD,CAJ,Y,
538,SD_055,23 33.3992,109 51.4819,445,172,10,,,,,,5.29,4.19,Y,Y,KA,9/11/23,,41B,SD,CAJ,Y,
537,SD_057,23 33.3963,109 51.4792,446,172,24.6,42.8,,,,,5.97,7,Y,Y,KA,9/11/23,,41B,SD,CAJ,Y,
536,SD_058,23 33.3978,109 51.4796,447,172,7.5,,,,,,2.5,4.46,Y,Y,KA,9/11/23,,41B,SD,CAJ,Y,
535,SD_059,23 33.3995,109 51.4799,451,172,20.1,30.3,,,,,4.01,10.02,Y,Y,KA,9/11/23,,41B,SD,CAJ,Y,
532,SD_060,23 33.3988,109 51.4777,454,172,31.9,,,,,,5.43,4.87,Y,Y,KA,9/11/23,,42A,SD,CAJ,Y,
529,SD_061,23 33.4007,109 51.4746,453,172,30,,,,,,7,8,Y,Y,KA,9/11/23,,42A,SD,CAJ,Y,
533,SD_062,23 33.3586,109 51.4494,430,172,29.3,,,,,,7.27,3.56,Y,Y,KA,9/11/23,,42A,SD,CAJ,Y,
528,SD_063,23 33.3575,109 51.4515,430,172,39.4,,,,,,3.85,4.62,Y,Y,KA,9/11/23,,42A,SD,CAJ,Y,
530,SD_064,23 33.3609,109 51.4580,426,172,40.3,71.2,,,,,15.94,12.5,Y,Y,KA,9/11/23,,42A,SD,CAJ,Y,
534,SD_065,23 33.3587,109 51.4553,429,172,46.8,,,,,,13.38,7.54,Y,Y,KA,9/11/23,,42A,SD,CAJ,Y,
561,SD_151,23 33.3537,109 51.4608,428,172,46.5,,,,,,11.91,10.55,Y,Y,KA,9/11/23,,42A,SD,CAJ,Y,
531,SD_152,23 33.3556,109 51.4586,429,172,49.3,,,,,,11.3,10.65,Y,Y,KA,9/11/23,,42A,SD,CAJ,Y,
601,SD_153,23 33.1962,109 51.1881,360,172,57.3,,,,,,8.95,16.15,Y,Y,KA,9/11/23,,42B,SD,CAJ,Y,
602,SD_155,23 33.1907,109 51.2149,434,172,86.5,,,,,,13.95,18,Y,Y,KA,9/11/23,,42B,SD,CAJ,Y,
603,SD_154,23 33.1910,109 51.2071,434,172,61,75.9,59.5,,,,17.17,12,Y,Y,KA,9/11/23,,42B,SD,CAJ,Y,
604,SD_156,23 33.1945,109 51.2274,435,172,71,,,,,,15.82,20.37,Y,Y,KA,9/11/23,,42B,SD,CAJ,Y,
605,SD_157,23 33.1898,109 51.2316,433,172,31.9,41.2,39.2,68.1,,,18.84,22.76,Y,Y,KA,9/11/23,,42B,SD,CAJ,Y,
606,SD_158,23 33.1842,109 51.2418,431,172,67.6,,,,,,18.82,20.13,Y,Y,KA,9/11/23,,42B,SD,CAJ,Y,
607,SD_159,23 33.1830,109 51.2517,432,172,113.2,,,,,,17.24,25.03,Y,Y,KA,9/11/23,,42B,SD,CAJ,Y,
608,SD_160,23 33.1829,109 51.2645,433,172,58.5,89,,,,,19.9,23.33,Y,Y,KA,9/11/23,,42B,SD,CAJ,Y,
609,SD_161,23 33.1767,109 51.2776,434,172,35.2,,,,,,12.41,9.26,Y,Y,KA,9/11/23,,43A,SD,CAJ,Y,
610,SD_162,23 33.1783,109 51.2800,434,172,49.7,44.6,,,,,22.52,11.48,Y,Y,KA,9/11/23,,43A,SD,CAJ,Y,
611,SD_163,23 33.1748,109 51.2786,436,172,26.8,,,,,,5.82,6.85,Y,Y,KA,9/11/23,,43A,SD,CAJ,Y,
612,SD_164,23 33.1751,109 51.3025,435,172,49,,,,,,13,17.67,Y,Y,KA,9/11/23,,43A,SD,CAJ,Y,
613,SD_165,23 33.2172,109 51.3128,430,172,58,64.8,,,,,19.8,15.21,Y,Y,KA,9/11/23,,43A,SD,CAJ,Y,
614,SD_166,23 33.2177,109 51.3237,434,172,50.2,,,,,,4.58,4,Y,Y,KA,9/11/23,,43A,SD,CAJ,Y,
615,SD_167,23 33.2180,109 51.3251,437,172,24.4,,,,,,6.36,7.52,Y,Y,KA,9/11/23,,43A,SD,CAJ,Y,
616,SD_168,23 33.2160,109 51.3201,438,172,14.5,,,,,,6.3,3.66,Y,Y,KA,9/11/23,,43A,SD,CAJ,Y,
617,SD_169,23 33.2174,109 51.3220,439,172,18.2,,,,,,3.73,6.91,Y,Y,KA,9/11/23,,43B,SD,CAJ,Y,
618,SD_170,23 33.2171,109 51.3280,439,172,33.7,39.7,17.3,,,,10.01,17.5,Y,Y,KA,9/11/23,,43B,SD,CAJ,Y,
619,SD_171,23 33.2196,109 51.3266,441,172,51,40.2,,,,,13.5,11.9,Y,Y,KA,9/11/23,,43B,SD,CAJ,Y,
620,SD_172,23 33.2172,109 51.3287,441,172,12.3,,,,,,4.62,5.35,Y,Y,KA,9/11/23,,43B,SD,CAJ,Y,
621,SD_173,23 33.2166,109 51.3391,439,172,19,,,,,,4.99,3.22,Y,Y,KA,9/11/23,,43B,SD,CAJ,Y,
622,SD_174,23 33.2162,109 51.3363,439,172,21,,,,,,5.3,6,Y,Y,KA,9/11/23,,43B,SD,CAJ,Y,
623,SD_175,23 33.2144,109 51.3404,439,190,21,,,,,,5.8,5.15,Y,Y,KA,9/11/23,,43B,SD,CAJ,Y,
624,SD_176,23 33.2135,109 51.3395,440,172,19.7,,,,,,4.93,4.8,Y,Y,KA,9/11/23,,43B,SD,CAJ,Y,
399,LC_001,23 58.6066,110 09.0948,504,190,18.8,17.7,,,,,5.6,13.45,Y,Y,KA,9/7/23,,18A,LC,CAJ,Y,
394,LC_075,23 58.6067,110 09.0957,491,172,32.8,,,,,,9.77,8.29,Y,Y,KA,9/7/23,good mother tree #1 maybe,18A,LC,CAJ,Y,
398,LC_002,23 58.5996,110 09.0895,491,172,105,,,,,,25.78,15.4,Y,Y,KA,9/7/23,better mother tree #1,18A,LC,CAJ,Y,
373,LC_003,23 58.6010,110 09.0987,491,190,60.9,,,,,,9.62,8.52,Y,Y,KA,9/7/23,,18A,LC,CAJ,Y,
374,LC_004,23 58.6013,110 09.0987,494,190,29.2,,,,,,9.23,4.69,Y,Y,KA,9/7/23,,18A,LC,CAJ,Y,
357,LC_005,23 58.6031,110 09.1013,494,190,34.4,,,,,,10.33,6.42,Y,Y,KA,9/7/23,,18A,LC,CAJ,Y,
393,LC_006,23 58.6061,110 09.1003,494,172,29.3,,,,,,6.9,5.9,Y,Y,KA,9/7/23,,18A,LC,CAJ,Y,
392,LC_007,23 58.6065,110 09.1041,497,190,23,,,,,,9.73,6.7,Y,Y,KA,9/7/23,,18A,LC,CAJ,Y,
360,LC_008,23 58.6067,110 09.1063,497,190,34.3,,,,,,9.51,4.67,Y,Y,KA,9/7/23,,18B,LC,CAJ,Y,
361,LC_009,23 58.6077,110 09.1051,499,190,22.4,,,,,,9.02,3.98,Y,Y,KA,9/7/23,,18B,LC,CAJ,Y,
362,LC_010,23 58.6096,110 09.1047,495,190,32.1,,,,,,8.59,5.09,Y,Y,KA,9/7/23,,18B,LC,CAJ,Y,
363,LC_011,23 58.6090,110 09.1051,495,172,30.8,,,,,,8.74,4.19,Y,Y,KA,9/7/23,,18B,LC,CAJ,Y,
364,LC_012,23 58.6093,110 09.1035,497,172,12.9,,,,,,3.89,4.85,Y,Y,KA,9/7/23,,18B,LC,CAJ,Y,
365,LC_013,23 58.6138,110 09.1034,494,172,31.6,,,,,,7.2,10.65,Y,Y,KA,9/7/23,,18B,LC,CAJ,Y,
366,LC_014,23 58.6117,110 09.0999,499,172,15.8,,,,,,6.93,6.4,Y,Y,KA,9/7/23,,18B,LC,CAJ,Y,
367,LC_015,23 58.6146,110 09.1012,501,172,23.6,,,,,,7.71,7.5,Y,Y,KA,9/7/23,,18B,LC,CAJ,Y,
368,LC_016,23 58.6158,110 09.1019,500,172,27.7,34.1,,,,,15.85,10.32,Y,Y,KA,9/7/23,,19A,LC,CAJ,Y,
375,LC_017,23 58.6140,110 09.1086,500,172,28.5,,,,,,11.2,6.26,Y,Y,KA,9/7/23,,19A,LC,CAJ,Y,
369,LC_018,23 58.6124,110 09.1082,502,172,17.2,20.1,,,,,5.02,5.88,Y,Y,KA,9/7/23,,19A,LC,CAJ,Y,
358,LC_019,23 58.6127,110 09.1080,502,172,38.9,,,,,,9.35,9.39,Y,Y,KA,9/7/23,,19A,LC,CAJ,Y,
354,LC_020,23 58.6098,110 09.1117,503,172,30.8,13.6,,,,,8.97,11.31,Y,Y,KA,9/7/23,,19A,LC,CAJ,Y,
376,LC_022,23 58.6074,110 09.1085,496,172,15.21,,,,,,6.28,5.85,Y,Y,KA,9/7/23,,19A,LC,CAJ,Y,
370,LC_021,23 58.6072,110 09.1138,500,172,40.1,,,,,,7.67,6.36,Y,Y,KA,9/7/23,,19A,LC,CAJ,Y,
355,LC_023,23 58.6065,110 09.1170,500,172,38.8,,,,,,6.42,8.7,Y,Y,KA,9/7/23,,19A,LC,CAJ,Y,
356,LC_024,23 58.6027,110 09.1092,499,172,64.3,,,,,,8.04,7.46,Y,Y,KA,9/7/23,,19B,LC,CAJ,Y,
309,LC_025,23 58.6066,110 09.1104,497,172,29.5,,,,,,7.14,8.23,Y,Y,KA,9/7/23,,19B,LC,CAJ,Y,
308,LC_026,23 58.6031,110 09.1072,498,172,43.4,,,,,,9.02,4.99,Y,Y,KA,9/7/23,,19B,LC,CAJ,Y,
353,LC_027,23 58.6062,110 09.1081,498,172,34.9,,,,,,4.15,8.35,Y,Y,KA,9/7/23,,19B,LC,CAJ,Y,
352,LC_028,23 58.5864,110 09.1138,493,172,54.6,,,,,,7.01,5.31,Y,Y,KA,9/7/23,,19B,LC,CAJ,Y,
351,LC_029,23 58.5866,110 09.1176,494,172,33.9,,,,,,9.4,7.47,Y,Y,KA,9/7/23,,19B,LC,CAJ,Y,
350,LC_030,23 58.5882,110 09.1166,494,172,28.4,,,,,,8.21,8.8,Y,Y,KA,9/7/23,,19B,LC,CAJ,Y,
349,LC_031,23 58.5913,110 09.1155,494,172,45.5,41,,,,,12.15,18.32,Y,Y,KA,9/7/23,,19B,LC,CAJ,Y,
347,LC_032,23 58.5848,110 09.1031,499,190,69.6,,,,,,15.73,9.94,Y,Y,KA,9/7/23,,20A,LC,CAJ,Y,
346,LC_033,23 58.5819,110 09.1034,496,190,64.4,,,,,,19.1,16.92,Y,Y,KA,9/7/23,,20A,LC,CAJ,Y,
348,LC_034,23 58.5817,110 09.1039,497,190,35.3,,,,,,12.98,11.05,Y,Y,KA,9/7/23,leaves collected from basal sprouts,20A,LC,CAJ,Y,
344,LC_035,23 58.5815,110 09.1029,497,190,61,,,,,,10.1,12.15,Y,Y,KA,9/7/23,,20A,LC,CAJ,Y,
343,LC_036,23 58.5808,110 09.1034,498,190,25.3,33,,,,,11.85,9.73,Y,Y,KA,9/7/23,,20A,LC,CAJ,Y,
342,LC_037,23 58.5802,110 09.1125,499,190,74.8,,,,,,19.4,21.64,Y,Y,KA,9/7/23,,20A,LC,CAJ,Y,
340,LC_038,23 58.5796,110 09.1150,497,190,44.9,,,,,,10.42,11.86,Y,Y,KA,9/7/23,,20A,LC,CAJ,Y,
339,LC_039,23 58.5741,110 09.1145,497,190,54.7,25.5,,,,,14.52,14.12,Y,Y,KA,9/7/23,,20A,LC,CAJ,Y,
338,LC_041,23 58.5688,110 09.1021,497,190,33,,,,,,7.83,8.97,Y,Y,KA,9/7/23,,20B,LC,CAJ,Y,
337,LC_040,23 58.5701,110 09.1003,496,172,36.8,,,,,,8.15,9.43,Y,Y,KA,9/7/23,,20B,LC,CAJ,Y,
336,LC_042,23 58.5680,110 09.0981,496,172,22,,,,,,5.05,8.72,Y,Y,KA,9/7/23,,20B,LC,CAJ,Y,
335,LC_043,23 58.5640,110 09.1010,497,190,54,,,,,,15.6,13,Y,Y,KA,9/7/23,,20B,LC,CAJ,Y,
334,LC_044,23 58.5641,110 09.1022,497,190,31.8,,,,,,6.63,8.91,Y,Y,KA,9/7/23,,20B,LC,CAJ,Y,
333,LC_076,23 58.5650,110 09.1046,497,190,32.8,31.6,32,,,,9.75,16.37,Y,Y,KA,9/7/23,,20B,LC,CAJ,Y,
332,LC_045,23 58.5650,110 09.1046,497,172,44.9,,,,,,8,7.95,Y,Y,KA,9/7/23,,20B,LC,CAJ,Y,
331,LC_046,23 58.5650,110 09.1046,497,172,,,,,,,10.84,12.19,Y,Y,KA,9/7/23,Daniel tag 46; good to compare these canopy measurements to Daniel's canopy measurements,20B,LC,CAJ,Y,46
330,LC_047,23 58.5650,110 09.1046,497,172,35.7,,,,,,8.21,6.61,Y,Y,KA,9/7/23,,21A,LC,CAJ,Y,
329,LC_048,23 58.5650,110 09.1046,497,172,27,,,,,,4.77,12.31,Y,Y,KA,9/7/23,,21A,LC,CAJ,Y,
359,LC_103,23 58.5650,110 09.1046,497,190,,,,,,,,,Y,Y,KA,9/7/23,Daniel tag 47,21A,LC,CAJ,Y,47
328,LC_049,23 58.5580,110 09.1153,499,190,31.4,20,20.5,,,,6.91,6.68,Y,Y,KA,9/7/23,,21A,LC,CAJ,Y,
327,LC_050,23 58.5579,110 09.1173,499,190,17.4,31.5,,,,,5.65,5.65,Y,Y,KA,9/7/23,,21A,LC,CAJ,Y,
326,LC_051,23 58.5617,110 09.1228,498,190,71.8,50.9,46.8,,,,22.1,19.53,Y,Y,KA,9/7/23,,21A,LC,CAJ,Y,
325,LC_052,23 58.5726,110 09.1241,500,190,45.8,,,,,,13.73,16.95,Y,Y,KA,9/7/23,,21A,LC,CAJ,Y,
324,LC_053,23 58.5677,110 09.1304,494,190,45.5,48.4,39.5,,,,14.93,14.24,Y,Y,KA,9/7/23,,21A,LC,CAJ,Y,
323,LC_054,23 58.5685,110 09.1323,496,172,59.4,,,,,,11.6,13.15,Y,Y,KA,9/7/23,,21B,LC,CAJ,Y,
322,LC_055,23 58.5578,110 09.1335,498,172,69.3,,,,,,6.45,8.69,Y,Y,KA,9/7/23,,21B,LC,CAJ,Y,
321,LC_056,23 58.5578,110 09.1335,498,172,39.4,,,,,,8.54,7.97,Y,Y,KA,9/7/23,,21B,LC,CAJ,Y,
320,LC_057,23 58.5578,110 09.1335,498,172,62.1,44.5,,,,,13.12,13.63,Y,Y,KA,9/7/23,,21B,LC,CAJ,Y,
302,LC_058,23 58.5363,110 09.1247,499,190,,,,,,,,,Y,Y,KA,9/7/23,Daniel's tag: 48. Good mother tree #2,21B,LC,CAJ,Y,48
319,LC_059,23 58.5336,110 09.1213,499,172,48.7,,,,,,13.29,10.31,Y,Y,KA,9/7/23,,21B,LC,CAJ,Y,
318,LC_060,23 58.5296,110 09.1204,499,172,48,,,,,,10.7,10.51,Y,Y,KA,9/7/23,,21B,LC,CAJ,Y,
317,LC_061,23 58.5371,110 09.1425,491,172,,,,,,,,,Y,Y,KA,9/7/23,Daniel tag: 49,21B,LC,CAJ,Y,49
307,LC_115,23 58.5391,110 09.1467,492,172,35.6,,,,,,4.21,4.1,Y,Y,KA,9/7/23,,22A,LC,CAJ,Y,
316,LC_063,23 58.5544,110 09.1442,490,172,41,35.3,,,,,14.35,14.6,Y,Y,KA,9/7/23,,22A,LC,CAJ,Y,
312,LC_064,23 58.5607,110 09.1463,492,190,80.1,,,,,,13.67,16.03,Y,Y,KA,9/7/23,Good mother tree,22A,LC,CAJ,Y,
311,LC_065,23 58.5607,110 09.1490,495,172,65.7,,,,,,12.95,14.5,Y,Y,KA,9/7/23,,22A,LC,CAJ,Y,
313,LC_066,23 58.5551,110 09.1547,494,172,,,,,,,,,Y,Y,KA,9/7/23,Daniel tag 50,22A,LC,CAJ,Y,50
315,LC_067,23 58.5526,110 09.1548,498,190,52.8,,,,,,15.9,13.35,Y,Y,KA,9/7/23,,22A,LC,CAJ,Y,
314,LC_068,23 58.5490,110 09.1530,497,172,56.4,,,,,,11.41,14.3,Y,Y,KA,9/7/23,,22A,LC,CAJ,Y,
303,LC_077,23 58.5503,110 09.1583,496,172,,,,,,,,,Y,Y,KA,9/7/23,Daniel Tag 77,22A,LC,CAJ,Y,77
310,LC_062,23 58.5392,110 09.1683,495,190,,,,,,,,,Y,Y,KA,9/7/23,Daniel tag 52,22B,LC,CAJ,Y,52
401,LC_074,23 58.5302,110 09.1891,494,190,66.8,,,,,,18.3,15.1,Y,Y,KA,9/7/23,,22B,LC,CAJ,Y,
104,LC_078,23 58.5341,110 09.1884,490,190,,,,,,,,,Y,Y,KA,9/7/23,Daniel tag 53,22B,LC,CAJ,Y,53
406,LC_079,23 58.5405,110 09.1882,493,190,67.8,,,,,,10.1,8.6,Y,Y,KA,9/7/23,Picture of Kieran & Daniel --> Kieran is stick,22B,LC,CAJ,Y,
411,LC_150,23.97584,110.15323,505,190,,,,,,,,,y,y,CK,9/7/23,"Daniel tag #55, tree has hardly any leaves",22B,LC,CAJ,Y,55
410,LC_149,23 58.5387,110 09.1928,493,190,57.3,,,,,,10.45,6.65,Y,Y,KA,9/7/23,,22B,LC,CAJ,Y,
409,LC_148,23 58.5397,110 09.1925,493,172,42.1,,,,,,6.75,9.71,Y,Y,KA,9/7/23,"Canopy axis 2 recorded as ""97.1"" but this seems off looking at photo -> changing to 9.1",22B,LC,CAJ,Y,
109,LC_147,23 58.5257,110 09.5624,472,190,39.2,,,,,,10.52,9.46,Y,Y,KA,9/7/23,,22B,LC,CAJ,Y,
419,LC_140,23 58.5151,110 09.5369,473,190,40.6,33.6,,,,,17.79,14.35,Y,Y,KA,9/7/23,maybe good mother tree,23A,LC,CAJ,Y,
413,LC_139,23 58.5058,110 09.5413,473,190,24.2,17.8,,,,,7.13,6.85,Y,Y,KA,9/7/23,,23A,LC,CAJ,Y,
414,LC_100,23 58.5043,110 09.5419,473,190,21.6,,,,,,7.69,9.96,Y,Y,KA,9/7/23,,23A,LC,CAJ,Y,
417,LC_138,23 58.5033,110 09.5405,473,190,72.6,42.2,32.2,,,,16.05,13.37,Y,Y,KA,9/7/23,Kieran is stick,23A,LC,CAJ,Y,
423,LC_137,23 58.5108,110 09.5294,471,190,81.1,46,,,,,25.45,17.6,Y,Y,KA,9/7/23,,23A,LC,CAJ,Y,
115,LC_136,23 58.5160,110 09.5310,468,190,37.3,,,,,,6.8,10.19,Y,Y,KA,9/7/23,,23A,LC,CAJ,Y,
412,LC_099,23 58.5124,110 09.5264,469,190,63.2,28.2,,,,,16.18,12.91,Y,Y,KA,9/7/23,,23A,LC,CAJ,Y,
408,LC_135,23 58.5109,110 09.5243,469,190,22.5,,,,,,7.63,5.63,Y,Y,KA,9/7/23,,23A,LC,CAJ,Y,
402,LC_146,23 58.5245,110 09.5595,471,172,51,,,,,,15.73,11.3,Y,Y,KA,9/7/23,,23B,LC,CAJ,Y,
103,LC_145,23 58.5371,110 09.5468,476,190,51.5,,,,,,13.85,12.48,Y,Y,KA,9/7/23,,23B,LC,CAJ,Y,
407,LC_144,23 58.5366,110 09.5436,476,190,39,,,,,,7.75,9.93,Y,Y,KA,9/7/23,,23B,LC,CAJ,Y,
405,LC_102,23 58.5394,110 09.5459,474,190,39.5,29.2,,,,,15.09,10.68,Y,Y,KA,9/7/23,,23B,LC,CAJ,Y,
404,LC_143,23 58.5363,110 09.5399,475,190,25.4,29,,,,,10.83,10.7,Y,Y,KA,9/7/23,,23B,LC,CAJ,Y,
403,LC_101,23 58.5396,110 09.5397,474,190,22.5,,,,,,5.22,6.66,Y,Y,KA,9/7/23,,23B,LC,CAJ,Y,
416,LC_142,23 58.5211,110 09.5306,476,190,55,,,,,,12.87,11.16,Y,Y,KA,9/7/23,,23B,LC,CAJ,Y,
418,LC_141,23 58.5175,110 09.5325,473,190,30.3,,,,,,6.8,8.08,Y,Y,KA,9/7/23,,23B,LC,CAJ,Y,
420,LC_098,23 58.5097,110 09.5219,472,190,36.8,,,,,,7.83,7.55,Y,Y,KA,9/7/23,,24A,LC,CAJ,Y,
422,LC_134,23 58.5087,110 09.5230,473,190,43,,,,,,6.4,8.24,Y,Y,KA,9/7/23,,24A,LC,CAJ,Y,
421,LC_097,23 58.5116,110 09.5056,473,190,56.5,77.5,,,,,23.4,17.73,Y,Y,KA,9/7/23,,24A,LC,CAJ,Y,
415,LC_096,23 58.5133,110 09.5032,472,172,32.3,17,,,,,11.33,7.11,Y,Y,KA,9/7/23,,24A,LC,CAJ,Y,
431,LC_095,23 58.5093,110 09.4853,470,190,22.8,,,,,,9.71,6.43,Y,Y,KA,9/8/23,,24A,LC,CAJ,Y,
430,LC_112,23 58.5097,110 09.4808,470,190,36.4,,,,,,12.67,10.45,Y,Y,KA,9/8/23,,24A,LC,CAJ,Y,
435,LC_133,23 58.5107,110 09.4772,469,190,31.4,46.4,,,,,11.64,15.7,Y,Y,KA,9/8/23,,24A,LC,CAJ,Y,
436,LC_132,23 58.4938,110 09.4766,471,190,25.9,33.2,,,,,12.98,11.81,Y,Y,KA,9/8/23,,24A,LC,CAJ,Y,
424,LC_131,23 58.4902,110 09.4755,471,190,37.6,47.7,,,,,14.57,16.15,Y,Y,KA,9/8/23,,24B,LC,CAJ,Y,
433,LC_094,23 58.4873,110 09.4703,468,190,36.4,,,,,,11.13,12.5,Y,Y,KA,9/8/23,,24B,LC,CAJ,Y,
437,LC_093,23 58.4865,110 09.4713,469,190,36.8,,,,,,10.4,6.67,Y,Y,KA,9/8/23,,24B,LC,CAJ,Y,
426,LC_092,23 58.4917,110 09.4707,468,190,20.5,,,,,,4.55,5.1,Y,Y,KA,9/8/23,,24B,LC,CAJ,Y,
439,LC_091,23 58.4933,110 09.4730,468,190,23.9,12.6,,,,,9.15,6.76,Y,Y,KA,9/8/23,,24B,LC,CAJ,Y,
438,LC_090,23 58.4967,110 09.4701,469,190,23.8,24.1,,,,,6.05,5.27,Y,Y,KA,9/8/23,Orginally recorded as 488 but fieldwork during 11/25 used photos to determine that the real ID is 438,24B,LC,CAJ,Y,
428,LC_089,23 58.4976,110 09.4717,468,190,32.6,,,,,,6.03,7.72,Y,Y,KA,9/8/23,,24B,LC,CAJ,Y,
425,LC_088,23 58.4918,110 09.4573,470,190,37.7,,,,,,9.67,11.15,Y,Y,KA,9/8/23,,24B,LC,CAJ,Y,
427,LC_126,23 58.4945,110 09.4541,470,190,55,,,,,,9.89,9.57,Y,Y,KA,9/8/23,,25A,LC,CAJ,Y,
434,LC_087,23 58.4929,110 09.4540,470,190,64,,,,,,18.6,14.13,Y,Y,KA,9/8/23,,25A,LC,CAJ,Y,
107,LC_086,23 58.4900,110 09.4552,469,190,40.5,,,,,,7.18,12.5,Y,Y,KA,9/8/23,,25A,LC,CAJ,Y,
432,LC_085,23 58.4911,110 09.4435,469,190,37.4,,,,,,8.64,10.81,Y,Y,KA,9/8/23,,25A,LC,CAJ,Y,
110,LC_084,23 58.4869,110 09.4450,470,190,36.9,,,,,,10.66,10.65,Y,Y,KA,9/8/23,,25A,LC,CAJ,Y,
113,LC_083,23 58.4955,110 09.4402,469,190,25.5,27.7,34.6,36.2,,,12.52,13.44,Y,Y,KA,9/8/23,,25A,LC,CAJ,Y,
112,LC_082,23 58.4920,110 09.4396,471,190,49.9,61.4,38.5,,,,23.44,17.4,Y,Y,KA,9/8/23,,25A,LC,CAJ,Y,
111,LC_081,23 58.4912,110 09.4376,471,190,41,,,,,,11.48,12.61,Y,Y,KA,9/8/23,,25A,LC,CAJ,Y,
443,LC_104,23 58.4906,110 09.4353,470,190,40.4,,,,,,6.17,11.18,Y,Y,KA,9/8/23,,25B,LC,CAJ,Y,
440,LC_105,23 58.5187,110 09.4251,471,190,16.5,24.3,26.5,,,,9.56,8.63,Y,Y,KA,9/8/23,being strangled by weed,25B,LC,CAJ,Y,
450,LC_080,23 58.4966,110 09.4106,473,190,23,23.3,17.2,,,,11.2,9.8,Y,Y,KA,9/8/23,,25B,LC,CAJ,Y,
449,LC_130,23 58.4948,110 09.4118,473,172,18,,,,,,7.39,8.04,Y,Y,KA,9/8/23,,25B,LC,CAJ,Y,
446,LC_129,23 58.4973,110 09.3870,472,190,24.4,,,,,,5.42,10.04,Y,Y,KA,9/8/23,,25B,LC,CAJ,Y,
451,LC_128,23 58.4996,110 09.3833,471,190,49.4,38,37.4,44.3,,,21.17,12.59,Y,Y,KA,9/8/23,big clump,25B,LC,CAJ,Y,
442,LC_125,23 58.5002,110 09.3828,472,172,28.6,,,,,,6.77,10.61,Y,Y,KA,9/8/23,,25B,LC,CAJ,Y,
441,LC_127,23 58.5087,110 09.3882,473,190,42,18.2,,,,,9.87,12.69,Y,Y,KA,9/8/23,,25B,LC,CAJ,Y,
447,LC_124,23 58.5062,110 09.3918,472,190,23.4, ,,,,,4.02,4.08,Y,Y,KA,9/8/23,,26A,LC,CAJ,Y,
108,LC_123,23 58.5094,110 09.3907,473,190,37.2,13.7,,,,,8.37,6.81,Y,Y,KA,9/8/23,,26A,LC,CAJ,Y,
444,LC_118,23 58.5135,110 09.3892,473,190,23.3,,,,,,6.35,6.13,Y,Y,KA,9/8/23,,26A,LC,CAJ,Y,
445,LC_122,23 58.5124,110 09.3918,473,190,38.8,,,,,,7.98,6.52,Y,Y,KA,9/8/23,,26A,LC,CAJ,Y,
102,LC_121,23 58.5110,110 09.3899,473,172,26.3,30.3,,,,,10.23,8.35,Y,Y,KA,9/8/23,,26A,LC,CAJ,Y,
463,LC_120,23 58.5088,110 09.3707,476,190,20.5,,,,,,6.56,7.54,Y,Y,KA,9/8/23,,26A,LC,CAJ,Y,
456,LC_119,23 58.5047,110 09.3673,476,172,48.4,,,,,,12.98,14.55,Y,Y,KA,9/8/23,,26A,LC,CAJ,Y,
459,LC_116,23 58.5033,110 09.3649,477,190,43,,,,,,14,9.07,Y,Y,KA,9/8/23,,26A,LC,CAJ,Y,
452,LC_117,23 58.5067,110 09.3626,473,190,45.1,,,,,,11.41,9.71,Y,Y,KA,9/8/23,,26B,LC,CAJ,Y,
106,LC_114,23 58.5042,110 09.3578,473,190,72,,,,,,15.18,15.08,Y,Y,KA,9/8/23,,26B,LC,CAJ,Y,
457,LC_113,23 58.5210,110 09.3469,475,172,11.7,,,,,,4.87,7.8,Y,Y,KA,9/8/23,"Lots of small clumps of oaks. Really small, >10 cm dbh",26B,LC,CAJ,Y,
455,LC_111,23 58.5208,110 09.3432,474,190,18.6,,,,,,5.59,4.13,Y,Y,KA,9/8/23,,26B,LC,CAJ,Y,
461,LC_110,23 58.5197,110 09.3411,475,190,12,,,,,,2.32,3.46,Y,Y,KA,9/8/23,,26B,LC,CAJ,Y,
460,LC_109,23 58.5194,110 09.3419,476,190,21.7,8.4,13.9,,,,6.43,6.81,Y,Y,KA,9/8/23,,26B,LC,CAJ,Y,
454,LC_108,23 58.5178,110 09.3413,477,190,20.8,26.2,,,,,9.32,4.55,Y,Y,KA,9/8/23,,26B,LC,CAJ,Y,
462,LC_107,23 58.5176,110 09.3393,476,190,21.5,,,,,,5.23,4.19,Y,Y,KA,9/8/23,,26B,LC,CAJ,Y,
458,LC_106,23 58.5171,110 09.3376,477,190,20,,,,,,4.69,5.35,Y,Y,KA,9/8/23,,27A,LC,CAJ,Y,
453,LC_200,23 58.5171,110 09.3353,479,190,24.9,,,,,,5.99,5.6,Y,Y,KA,9/8/23,,27A,LC,CAJ,Y,
429,LC_151,23 58.5160,110 09.3397,493,190,26.3,,,,,,5.7,8.87,Y,Y,KA,9/8/23,,27A,LC,CAJ,Y,
116,LC_152,23 58.5193,110 09.3363,482,190,39,,,,,,10.56,10.81,Y,Y,KA,9/8/23,,27A,LC,CAJ,Y,
117,LC_153,23 58.4983,110 09.3315,483,190,29.7,27.3,,,,,7.22,11.55,Y,Y,KA,9/8/23,,27A,LC,CAJ,Y,
465,LC_154,23 58.4987,110 09.3235,483,190,27,28.5,,,,,10.7,9.22,Y,Y,KA,9/8/23,,27A,LC,CAJ,Y,
105,LC_155,23 58.4494,110 09.3226,482,190,42.9,,,,,,7.3,5.94,Y,Y,KA,9/8/23,,27A,LC,CAJ,Y,
466,LC_156,23 58.5015,110 09.3185,480,190,15,18,12,,,,7.02,9.29,Y,Y,KA,9/8/23,,27A,LC,CAJ,Y,
464,LC_157,23 58.5003,110 09.3141,480,172,36.8,,,,,,7.75,8.54,Y,Y,KA,9/8/23,,27B,LC,CAJ,Y,
114,LC_158,23 58.4972,110 09.3149,480,172,32.5,,,,,,7.69,8.19,Y,Y,KA,9/8/23,,27B,LC,CAJ,Y,
477,LC_159,23 58.5071,110 09.3103,479,190,27.8,,,,,,5.25,7.79,Y,Y,KA,9/8/23,,27B,LC,CAJ,Y,
473,LC_160,23 58.5043,110 09.3032,479,190,32.8,,,,,,4.42,7.6,Y,Y,KA,9/8/23,tree starts at where Kieran's head is,27B,LC,CAJ,Y,
472,LC_161,23 58.5101,110 09.3106,480,190,29.5,,,,,,7.65,8.39,Y,Y,KA,9/8/23,,27B,LC,CAJ,Y,
118,LC_073,23.97552,110.16014,468,181,40.5,60.4,,,,,9.64,9.93,Y,Y,CK,9/8/23,,27B,LC,CAJ,Y,
474,LC_072,23.97598,110.16132,467,172,43.4,64.2,,,,,13.67,19.36,Y,Y,CK,9/8/23,,27B,LC,CAJ,Y,
471,LC_069,23 58.5376,110 09.2552,486,172,37.9,,,,,,9.55,10.03,Y,Y,KA,9/8/23,,27B,LC,CAJ,Y,
124,LC_070,23 58.5400,110 09.2529,488,NA,45,,,,,,9.75,NA,N,Y,KA,9/8/23,Bees! Kieran ran--very scary. Everyone else ok. check stick height,28A,LC,CAJ,Y,
119,LC_071,23 58.5434,110 09.2133,489,190,47.7,,,,,,,,Y,Y,KA,9/8/23,"Daniel tag: 56, good to compare dbh to Daniel's",28A,LC,CAJ,Y,56
470,LC_162,23.97568,110.15356,494,172,50.2,,,,,,7.55,8.48,Y,Y,CK,9/8/23,,28A,LC,CAJ,Y,
469,LC_199,23 58.6218,110 09.7153,477,190,50.5,,,,,,13.37,10.32,Y,Y,KA,9/9/23,,29A,LC,CAJ,Y,
476,LC_198,23 58.5552,110 09.7055,463,190,57.7,,,,,,13.52,10.95,Y,Y,KA,9/9/23,,29A,LC,CAJ,Y,
448,LC_197,23 58.5502,110 09.7007,462,190,38.6,,,,,,12.9,8.14,Y,Y,KA,9/9/23,,29A,LC,CAJ,Y,
475,LC_196,23 58.5449,110 09.7000,457,190,26.8,27.7,,,,,6.28,9.72,Y,Y,KA,9/9/23,,29A,LC,CAJ,Y,
467,LC_195,23 58.5463,110 09.6974,458,190,39.6,,,,,,10.42,9.88,Y,Y,KA,9/9/23,,29A,LC,CAJ,Y,
468,LC_194,23 58.5461,110 09.6490,458,190,41.5,,,,,,9.9,9.11,Y,Y,KA,9/9/23,,29A,LC,CAJ,Y,
479,LC_193,23 58.5465,110 09.0985,458,190,33,,,,,,7.17,4.55,Y,Y,KA,9/9/23,,29A,LC,CAJ,Y,
478,LC_192,23 58.5492,110 09.6962,458,190,52.4,,,,,,6.53,9.98,Y,Y,KA,9/9/23,,29A,LC,CAJ,Y,
480,LC_191,23 58.5501,110 09.6967,458,190,46.4,,,,,,7.31,9.46,Y,Y,KA,9/9/23,,29B,LC,CAJ,Y,
487,LC_190,23 58.5763,110 09.6986,462,190,45.5,,,,,,13.34,12.41,Y,Y,KA,9/9/23,,29B,LC,CAJ,Y,
491,LC_189,23 58.5836,110 09.7011,461,190,32.5,34.8,,,,,14.35,7.72,Y,Y,KA,9/9/23,,29B,LC,CAJ,Y,
485,LC_188,23 58.5856,110 09.7027,462,190,21.5,32.2,,,,,12.55,10.1,Y,Y,KA,9/9/23,,29B,LC,CAJ,Y,
489,LC_187,23 58.5931,110 09.7092,461,190,42.4,,,,,,11.38,9.99,Y,Y,KA,9/9/23,,29B,LC,CAJ,Y,
484,LC_186,23 58.5868,110 09.6865,460,172,22.2,19.5,,,,,8.91,7.46,Y,Y,KA,9/9/23,,29B,LC,CAJ,Y,
494,LC_185,23 58.5690,110 09.6795,461,190,17.07,,,,,,22.71,24.05,Y,Y,KA,9/9/23,,29B,LC,CAJ,Y,
493,LC_184,23 58.5928,110 09.6744,465,190,20.6,34.1,,,,,14.56,7.65,Y,Y,KA,9/9/23,,29B,LC,CAJ,Y,
482,LC_183,23 58.5899,110 09.6737,463,190,19.3,10.9,,,,,6.64,10.72,Y,Y,KA,9/9/23,,30A,LC,CAJ,Y,
495,LC_182,23 58.5907,110 09.6760,463,190,41,19.9,,,,,7.32,12.86,Y,Y,KA,9/9/23,,30A,LC,CAJ,Y,
492,LC_181,23 58.5857,110 09.6767,463,190,18.9,,,,,,5.17,5.11,Y,Y,KA,9/9/23,,30A,LC,CAJ,Y,
496,LC_180,23 58.5899,110 09.6709,461,190,50.9,,,,,,13.43,15.45,Y,Y,KA,9/9/23,leaves from basal sprouts,30A,LC,CAJ,Y,
483,LC_179,23 58.5872,110 09.6698,461,190,24.2,,,,,,5.66,8.77,Y,Y,KA,9/9/23,some leaves from basal sprouts,30A,LC,CAJ,Y,
490,LC_178,23 58.5873,110 09.6700,462,190,31.7,,,,,,7.12,5.42,Y,Y,KA,9/9/23,,30A,LC,CAJ,Y,
481,LC_177,23 58.5872,110 09.6650,458,190,49.8,,,,,,13.32,13.31,Y,Y,KA,9/9/23,,30A,LC,CAJ,Y,
486,LC_176,23 58.5873,110 09.6647,461,190,47.9,,,,,,11.19,16.33,Y,Y,KA,9/9/23,,30A,LC,CAJ,Y,
488,LC_175,23 58.5849,110 09.6655,462,190,26.2, ,,,,,6.27,4.12,Y,Y,KA,9/9/23,,30B,LC,CAJ,Y,
497,LC_174,23 58.5810,110 09.6694,465,190,36.3,43.4,,,,,9.77,13.74,Y,Y,KA,9/9/23,,30B,LC,CAJ,Y,
498,LC_173,23 58.5775,110 09.6653,462,190,32.2,28.4,,,,,9.12,10.67,Y,Y,KA,9/9/23,,30B,LC,CAJ,Y,
500,LC_172,23 58.5819,110 09.6650,462,190,31.2,,,,,,7.73,6.03,Y,Y,KA,9/9/23,,30B,LC,CAJ,Y,
132,LC_171,23 58.5852,110 09.6577,462,190,47.8,,,,,,6.4,7.18,Y,Y,KA,9/9/23,,30B,LC,CAJ,Y,
499,LC_170,23 58.5829,110 09.6561,462,190,45.8,,,,,,7.83,10.36,Y,Y,KA,9/9/23,,30B,LC,CAJ,Y,
131,LC_169,23 58.5829,110 09.6560,462,190,48.4,43.3,,,,,15.29,6.81,Y,Y,KA,9/9/23,,30B,LC,CAJ,Y,
125,LC_168,23 58.5905,110 09.6595,460,190,29.4,50.4,,,,,13.19,10.85,Y,Y,KA,9/9/23,,30B,LC,CAJ,Y,
128,LC_167,23 58.5948,110 09.6572,461,190,53.9,,,,,,15.6,15.07,Y,Y,KA,9/9/23,,31A,LC,CAJ,Y,
126,LC_166,23 58.5598,110 09.6563,463,190,37.8,41.9,10.5,,,,9.6,8.38,Y,Y,KA,9/9/23,,31A,LC,CAJ,Y,
129,LC_165,23 58.5604,110 09.6587,460,190,34.4,,,,,,8.95,6.72,Y,Y,KA,9/9/23,,31A,LC,CAJ,Y,
133,LC_164,23 58.5556,110 09.6571,461,190,39.4,,,,,,8.37,5.85,Y,Y,KA,9/9/23,,31A,LC,CAJ,Y,
121,LC_163,23 58.5555,110 09.6571,459,190,41.1,30.6,,,,,15.37,10.48,Y,Y,KA,9/9/23,,31A,LC,CAJ,Y,
122,LC_201,23 58.5361,110 09.6970,461,190,35.4,,,,,,12.64,8.1,Y,Y,KA,9/9/23,Transect 1,31A,LC,CAJ,Y,
127,LC_202,23 58.5350,110 09.7042,460,190,39,,,,,,11.33,11.22,Y,Y,KA,9/9/23,Transect 1,31A,LC,CAJ,Y,
101,LC_203,23 58.5327,110 09.7047,459,190,43.3,37.3,,,,,15,7.92,Y,Y,KA,9/9/23,Transect 1; a few more oaks but pressed for time,31A,LC,CAJ,Y,
134,LC_204,23.97602,110.16059,453,172,60.7,,,,,,14.2,15.58,Y,Y,CK,9/9/23,,31B,LC,CAJ,Y,
199,LC_205,23.97596,110.16075,459,172,51.7,,,,,,10.74,12.48,Y,Y,CK,9/9/23,,31B,LC,CAJ,Y,
200,LC_206,23.97586,110.16065,462,190,34.3,,,,,,8.88,10.42,Y,Y,CK,9/9/23,,31B,LC,CAJ,Y,
268,LC_207,23 58.5889,110 09.6423,462,190,34.3,,,,,,10.17,6.68,Y,Y,KA,9/9/23,,31B,LC,CAJ,Y,
123,LC_209,23 58.5698,110 09.6415,462,190,31.8,,,,,,12.05,10.52,Y,Y,KA,9/9/23,,31B,LC,CAJ,Y,
120,LC_210,23 58.5732,110 09.6408,462,190,31.7,45.4,,,,,15.41,12.11,Y,Y,KA,9/9/23,,31B,LC,CAJ,Y,
195,LC_211,23 58.5663,110 09.6389,465,190,33.3,22.6,,,,,10.28,10.5,Y,Y,KA,9/9/23,"Tree next to this, bees? Did not do.",31B,LC,CAJ,Y,
196,LC_212,23 58.5550,110 09.6097,465,190,50.4,,,,,,10.78,12.71,Y,Y,KA,9/9/23,,31B,LC,CAJ,Y,
130,LC_213,23 58.5571,110 09.6071,465,181,31.8,32.4,,,,,14.49,7.78,Y,Y,KA,9/9/23,,32A,LC,CAJ,Y,
197,LC_214,23 58.5584,110 09.6061,465,181,40.9,,,,,,8.7,10.82,Y,Y,KA,9/9/23,,32A,LC,CAJ,Y,
186,LC_215,23 58.5596,110 09.6071,463,181,36.2,21.2,,,,,10.8,9.9,Y,Y,KA,9/9/23,,32A,LC,CAJ,Y,
191,LC_216,23 58.5417,110 09.6284,461,190,38,40.9,34.4,,,,12.49,10.2,Y,Y,KA,9/9/23,"Beehive, be careful",32A,LC,CAJ,Y,
192,LC_217,23 58.5316,110 09.6113,460,190,43.6,,,,,,8.36,15.82,Y,Y,KA,9/9/23,,32A,LC,CAJ,Y,
194,LC_218,23 58.5310,110 09.6100,460,181,39.5,,,,,,12.42,7.4,Y,Y,KA,9/9/23,,32A,LC,CAJ,Y,
189,LC_219,23 58.5302,110 09.6071,460,190,43,39.4,,,,,16.25,9.82,Y,Y,KA,9/9/23,,32A,LC,CAJ,Y,
677,SD_212,23 33.2644,109 50.9989,420,172,59.4,30,29,53,,,16.82,13.03,Y,Y,KA,9/12/23,,Notes 1,SD,CAJ,Y,
676,SD_234,23 33.2660,109 50.9959,421,175,16.2,15.2,,,,,6.32,7.12,Y,Y,KA,9/12/23,,Notes 2,SD,CAJ,Y,
675,SD_235,23 33.2678,109 50.9984,418,NA,24.4,,,,,,9.19,4.42,N,Y,KA,9/12/23,Canopy ~3m tall,Notes 3,SD,CAJ,Y,
674,SD_236,23 33.2677,109 51.0060,425,172,19.5,,,,,,7.84,4.73,Y,Y,KA,9/12/23,,Notes 4,SD,CAJ,Y,
673,SD_237,23 33.2657,109 51.0080,419,172,27.2,,,,,,7.03,8.89,Y,Y,KA,9/12/23,,Notes 5,SD,CAJ,Y,
672,SD_211,23 33.2141,109 51.0192,427,172,72.4,,,,,,16.7,10.55,Y,Y,KA,9/12/23,,Notes 6,SD,CAJ,Y,
671,SD_210,23 33.2132,109 51.0168,428,172,16.4,,,,,,8.22,6.88,Y,Y,KA,9/12/23,,Notes 7,SD,CAJ,Y,
670,SD_209,23 33.2134,109 51.0164,427,172,13,,,,,,6.35,4.78,Y,Y,KA,9/12/23,,Notes 8,SD,CAJ,Y,
669,SD_208,23 33.2119,109 51.0172,427,172,57.1,,,,,,10.01,9.67,Y,Y,KA,9/12/23,,Notes 9,SD,CAJ,Y,
668,SD_238,23 33.3087,109 51.4690,441,172,22.7,28.7,28.7,,,,9.73,16.1,Y,Y,KA,9/11/23,,Notes 10,SD,CAJ,Y,
667,SD_239,23 33.3249,109 51.4685,443,172,26,12.5,21,,,,10.84,12.42,Y,Y,KA,9/11/23,,Notes 11,SD,CAJ,Y,
666,SD_240,23 33.3340,109 51.4725,446,172,10.6,,,,,,4.9,4.09,Y,Y,KA,9/11/23,,Notes 12,SD,CAJ,Y,
665,SD_241,23 33.3371,109 51.5168,451,172,31,30.4,,,,,16.52,9.05,Y,Y,KA,9/11/23,,Notes 13,SD,CAJ,Y,
664,SD_242,23 33.3371,109 51.5151,452,172,17.2,,,,,,5.47,7.8,Y,Y,KA,9/11/23,"Canopy axis 2 written as ""780"" -> infer missing decimal so turning it into 7.80",Notes 14,SD,CAJ,Y,
663,SD_243,23 33.3364,109 51.5130,452,172,10,,,,,,6.42,2.74,Y,Y,KA,9/11/23,,Notes 15,SD,CAJ,Y,
662,SD_244,23 33.3364,109 51.5130,451,172,12.2,,,,,,8.07,4.25,Y,Y,KA,9/11/23,,Notes 16,SD,CAJ,Y,
661,SD_245,23 33.3373,109 51.5112,456,172,37.7,,,,,,16.85,6.82,Y,Y,KA,9/11/23,,Notes 17,SD,CAJ,Y,
660,SD_246,23 33.3312,109 51.5111,444,172,14.7,10.8,,,,,4.7,6,Y,Y,KA,9/11/23,,Notes 18,SD,CAJ,Y,
659,SD_248,23 33.3301,109 51.5101,442,172,19.4,,,,,,6.77,6.58,Y,Y,KA,9/11/23,,Notes 19,SD,CAJ,Y,
658,SD_247,23 33.3315,109 51.5097,442,172,22.8,20.7,,,,,13.78,3.6,Y,Y,KA,9/11/23,,Notes 20,SD,CAJ,Y,
657,SD_249,23 33.3316,109 51.5102,441,172,12, ,,,,,6.41,3.12,Y,Y,KA,9/11/23,,Notes 21,SD,CAJ,Y,
656,SD_250,23 33.3326,109 51.5095,438,172,13.8,,,,,,3.61,7.84,Y,Y,KA,9/11/23,,Notes 22,SD,CAJ,Y,
655,SD_206,23 33.3068,109 51.4894,456,172,22.4,,,,,,3.02,8.39,Y,Y,KA,9/11/23,,Notes 23,SD,CAJ,Y,
654,SD_207,23 33.3068,109 51.4899,456,172,27.5,,,,,,10.22,4.13,Y,Y,KA,9/11/23,,Notes 24,SD,CAJ,Y,
653,SD_205,23 33.3068,109 51.4894,456,172,38.1,,,,,,13.6,8.42,Y,Y,KA,9/11/23,,Notes 25,SD,CAJ,Y,
652,SD_204,23 33.2939,109 51.4959,450,172,18.5,,,,,,5.63,7.83,Y,Y,KA,9/11/23,,Notes 26,SD,CAJ,Y,
651,SD_203,23 33.2939,109 51.4959,450,172,50.5,,,,,,16.37,10.16,Y,Y,KA,9/11/23,,Notes 2 1,SD,AMH,Y,
650,SD_202,23 33.2896,109 51.4974,441,172,20.4,,,,,,6.35,5.62,Y,Y,KA,9/11/23,Canopy 2 written as 56.2 but this seems wrong so edited to 5.62,Notes 2 2,SD,AMH,Y,
649,SD_201,23 33.2896,109 51.4974,441,172,19.4,,,,,,7.91,6.9,Y,Y,KA,9/11/23,,Notes 27,SD,CAJ,Y,
648,SD_200,23 33.2908,109 51.5003,441,172,24.5,25,,,,,9.57,7.91,Y,Y,KA,9/11/23,,Notes 28,SD,CAJ,Y,
646,SD_198,23 33.2818,109 51.5020,439,172,3.7,5.7,,,,,3.36,2.67,Y,Y,KA,9/11/23,,Notes 29,SD,CAJ,Y,
647,SD_199,23 33.2812,109 51.5007,441,172,16,,,,,,4.41,5.44,Y,Y,KA,9/11/23,,Notes 30,SD,CAJ,Y,
645,SD_197,23 33.2834,109 51.4983,442,172,60.5,,,,,,12.78,10.83,Y,Y,KA,9/11/23,,Notes 31,SD,CAJ,Y,
644,SD_196,23 33.2361,109 51.4429,439,172,72.8,,,,,,15.27,12.68,Y,Y,KA,9/11/23,,Notes 32,SD,CAJ,Y,
643,SD_195,23 33.2221,109 51.4186,439,172,54.9,,,,,,9.62,12.57,Y,Y,KA,9/11/23,,Notes 33,SD,CAJ,Y,
642,SD_194,23 33.2233,109 51.4170,439,172,62,58,71,,,,22.1,20.66,Y,Y,KA,9/11/23,,Notes 34,SD,CAJ,Y,
641,SD_193,23 33.2264,109 51.4102,441,172,33.4,,,,,,9.87,10.12,Y,Y,KA,9/11/23,,Notes 35,SD,CAJ,Y,
640,SD_192,23 33.2256,109 51.4088,442,172,21.4,,,,,,8.35,4.74,Y,Y,KA,9/11/23,,Notes 36,SD,CAJ,Y,
639,SD_191,23 33.2259,109 51.4060,441,172,38.5,,,,,,8.08,13.38,Y,Y,KA,9/11/23,,Notes 37,SD,CAJ,Y,
638,SD_190,23 33.2276,109 51.4061,443,172,38.7,,,,,,8.09,7.93,Y,Y,KA,9/11/23,,Notes 38,SD,CAJ,Y,
636,SD_188,23 33.2305,109 51.4050,441,172,16,,,,,,4.93,6.45,Y,Y,KA,9/11/23,,Notes 39,SD,CAJ,Y,
637,SD_189,23 33.2305,109 51.4073,443,172,45,,,,,,5.95,7.17,Y,Y,KA,9/11/23,,Notes 40,SD,CAJ,Y,
635,SD_187,23 33.2304,109 51.4043,440,152,8.2,,,,,,4.16,2.91,Y,Y,KA,9/11/23,,Notes 41,SD,CAJ,Y,
634,SD_186,23 33.2278,109 51.4052,438,172,15.8,16.9,,,,,5.02,7.59,Y,Y,KA,9/11/23,,Notes 42,SD,CAJ,Y,
633,SD_185,23 33.2278,109 51.4047,437,172,12.5,,,,,,3.49,7.29,Y,Y,KA,9/11/23,,Notes 43,SD,CAJ,Y,
632,SD_184,23 33.2248,109 51.4065,434,172,33.7,,,,,,8.74,9.31,Y,Y,KA,9/11/23,,Notes 44,SD,CAJ,Y,
631,SD_183,23 33.2223,109 51.4046,432,172,36.6,,,,,,7.77,9.62,Y,Y,KA,9/11/23,,Notes 45,SD,CAJ,Y,
630,SD_182,23 33.2073,109 51.3916,441,172,88,70.3,,,,,19.45,16.4,Y,Y,KA,9/11/23,,Notes 46,SD,CAJ,Y,
629,SD_181,23 33.2170,109 51.3698,436,172,48.2,37.6,,,,,15.8,13.25,Y,Y,KA,9/11/23,,Notes 47,SD,CAJ,Y,
628,SD_180,23 33.2138,109 51.3687,437,172,31.2,24.1,,,,,7.74,9.97,Y,Y,KA,9/11/23,,Notes 48,SD,CAJ,Y,
626,SD_177,23 33.2140,109 51.3563,438,172,42,17.6,35.2,33.5,,,16.09,14.78,Y,Y,KA,9/11/23,,Notes 49,SD,CAJ,Y,
627,SD_179,23 33.2159,109 51.3648,437,172,37.6,,,,,,5.36,8.8,Y,Y,KA,9/11/23,,Notes 50,SD,CAJ,Y,
625,SD_178,23 33.2157,109 51.3560,438,172,39.9,,,,,,7.74,9.44,Y,Y,KA,9/11/23,,Notes 51,SD,CAJ,Y,